"nom";"sta";"date";"loc";"prel";"ph";"cond";"temp";"cO2";"pO2";"pente";"date_heure";"fCond";"fPH";"signe_eutroph";"poissons";"salmonides";"pres_dechet";"drain";"alim_active";"Hrel_cm";"transp";"pct_Veg_crete_digue";"gra_0_2";"gra_2_5";"gra_5_15";"gra_15_40";"gra_Sup40";"mat_ext";"carb";"chla";"ta";"tac";"turb";"NH4";"NO3";"P";"temp_recep";"date_analyse";"date_recept";"fCarb";"fTa";"fP";"fTac";"fNH4";"fNO3";"fChla";"fTurb";"NO3_mgN.L";"veg_terr";"veg_eau";"macroinv_ben";"macroinv_pel";"macroinv_sur";"crap_ad";"crap_tet";"crap_oeuf";"crap_mort";"gren_ad";"gren_tet";"gren_oeuf";"gren_mort";"trit_ad";"trit_tet";"trit_oeuf";"trit_mort";"odo_ad";"odo_exuv";"odo_larv";"odo_mort";"veg_nsp";"veg_haut";"macroinv_nsp";"veg_fav";"macroinv_fav";"crap_fav";"gren_fav";"trit_fav";"odo_fav";"amph_fav";"pres_macroinv";"pres_macroinv_ben";"pres_macroinv_pel";"pres_macroinv_sur";"pres_crap";"pres_gren";"pres_trit";"pres_amph";"pres_veg";"precipit";"temp_air";"vent";"nebul";"herbe_rase";"herbe_haute";"arbustes";"arbres";"falaise";"anthrop";"piste_carrosable";"piste_ski";"departement";"annee";"altitude";"volume";"surface";"profondeur";"classe";"type";"conf";"enroch";"barriere";"cloture";"orientation";"geologie";"position";"usages";"pre_trtmt";"pos_prel";"anti_sed";"der_cur_vid";"fq_curage";"nb_rempliss";"alim";"nom_alim";"id_retalt";"fPente";"fAlt";"fProf";"fVol";"fUsages";"fAnnee";"visite";"heure";"julien";"pour.O2_cor";"O2_mg.L_cor"
"R1";"S4";2021-07-25;NA;NA;NA;NA;NA;NA;NA;NA;NA;NA;NA;"non";"oui";"?";"non";"oui";"non";-15;"faible";5;1;1;1;1;1;1;NA;NA;NA;NA;NA;NA;NA;NA;NA;NA;NA;NA;NA;NA;NA;NA;NA;NA;NA;NA;NA;NA;NA;NA;NA;NA;NA;NA;NA;NA;NA;NA;NA;NA;NA;NA;NA;NA;NA;NA;NA;NA;NA;NA;NA;NA;NA;NA;NA;NA;NA;NA;NA;NA;NA;NA;NA;NA;NA;NA;NA;NA;NA;NA;"oui";"oui";"non";"non";"oui";"oui";"oui";"oui";"73";2008;2212;403000;45900;16,8;"Barrage C";"deblai-remblai";"total";NA;"non";"non";"nord-est";"mixte";"plat";"neige+peche+AEP+pastoralisme";"non";"avl+amt";"filtr";NA;NA;1,5;"cours_eau+surplus_AEP";NA;8;"douce";"pelouses";">8";">250K";"multi-usages";">2006";"207 adret_des_tuffes";NA;NA;NA;NA
"R1";"S4";2021-07-26;"evac";"non";8,9;139,2;16,1;NA;NA;2;2021-07-26 11:00:00;"(100,150]";"(8.75,Inf]";NA;NA;NA;NA;NA;NA;NA;NA;NA;NA;NA;NA;NA;NA;NA;2;1;0,2;4,4;0,95;0;0,9;0;6;2021-07-27;"27/07/2021 15h00";"(1,2]";"(0.1,Inf]";"[0,0.02]";"(3,5]";"[0,0.03]";"(0.5,1]";"(0.5,1]";"[0,1]";0,203619909502262;"C";"E";"E";"E";"E";"E";"E";"E";"E";"D";"E";"E";"E";"E";"E";"E";"E";"E";"E";"E";"E";">5";">20";"-";1;0;0;0,333333333333333;0;0;0,111111111111111;FALSE;FALSE;FALSE;FALSE;FALSE;TRUE;FALSE;TRUE;TRUE;"non";15;"<5beaufort";"<75%";"oui";"oui";"non";"non";"oui";"oui";"oui";"oui";"73";2008;2212;403000;45900;16,8;"Barrage C";"deblai-remblai";"total";NA;"non";"non";"nord-est";"mixte";"plat";"neige+peche+AEP+pastoralisme";"non";"avl+amt";"filtr";NA;NA;1,5;"cours_eau+surplus_AEP";NA;8;"douce";"pelouses";">8";">250K";"multi-usages";">2006";"207 adret_des_tuffes";11;207;NA;NA
"R1";"S4";2021-07-26;"milieu";"oui";8,81;140,5;15,6;NA;NA;15;2021-07-26 11:17:00;"(100,150]";"(8.75,Inf]";NA;NA;NA;NA;NA;NA;NA;NA;NA;NA;NA;NA;NA;NA;NA;2;1;0,2;4,4;0,95;0;0,9;0;6;2021-07-27;"27/07/2021 15h00";"(1,2]";"(0.1,Inf]";"[0,0.02]";"(3,5]";"[0,0.03]";"(0.5,1]";"(0.5,1]";"[0,1]";0,203619909502262;"C";"E";"E";"E";"E";"E";"E";"E";"E";"D";"E";"E";"E";"E";"E";"E";"E";"E";"E";"E";"E";">5";">20";"-";1;0;0;0,333333333333333;0;0;0,111111111111111;FALSE;FALSE;FALSE;FALSE;FALSE;TRUE;FALSE;TRUE;TRUE;"non";15;"<5beaufort";"<75%";"oui";"oui";"non";"non";"oui";"oui";"oui";"oui";"73";2008;2212;403000;45900;16,8;"Barrage C";"deblai-remblai";"total";NA;"non";"non";"nord-est";"mixte";"plat";"neige+peche+AEP+pastoralisme";"non";"avl+amt";"filtr";NA;NA;1,5;"cours_eau+surplus_AEP";NA;8;"douce";"pelouses";">8";">250K";"multi-usages";">2006";"207 adret_des_tuffes";11;207;NA;NA
"R1";"S4";2021-07-26;"alim";"non";8,74;134;15,6;NA;NA;17;2021-07-26 10:20:00;"(100,150]";"(8.25,8.75]";NA;NA;NA;NA;NA;NA;NA;NA;NA;NA;NA;NA;NA;NA;NA;2;1;0,2;4,4;0,95;0;0,9;0;6;2021-07-27;"27/07/2021 15h00";"(1,2]";"(0.1,Inf]";"[0,0.02]";"(3,5]";"[0,0.03]";"(0.5,1]";"(0.5,1]";"[0,1]";0,203619909502262;"C";"E";"E";"E";"E";"E";"E";"E";"E";"D";"E";"E";"E";"E";"E";"E";"E";"E";"E";"E";"E";">5";">20";"-";1;0;0;0,333333333333333;0;0;0,111111111111111;FALSE;FALSE;FALSE;FALSE;FALSE;TRUE;FALSE;TRUE;TRUE;"non";15;"<5beaufort";"<75%";"oui";"oui";"non";"non";"oui";"oui";"oui";"oui";"73";2008;2212;403000;45900;16,8;"Barrage C";"deblai-remblai";"total";NA;"non";"non";"nord-est";"mixte";"plat";"neige+peche+AEP+pastoralisme";"non";"avl+amt";"filtr";NA;NA;1,5;"cours_eau+surplus_AEP";NA;8;"douce";"pelouses";">8";">250K";"multi-usages";">2006";"207 adret_des_tuffes";10;207;NA;NA
"R1";"S4";2021-07-26;"milieu";"non";8,83;136;15,6;NA;NA;15;2021-07-26 10:48:00;"(100,150]";"(8.75,Inf]";NA;NA;NA;NA;NA;NA;NA;NA;NA;NA;NA;NA;NA;NA;NA;2;1;0,2;4,4;0,95;0;0,9;0;6;2021-07-27;"27/07/2021 15h00";"(1,2]";"(0.1,Inf]";"[0,0.02]";"(3,5]";"[0,0.03]";"(0.5,1]";"(0.5,1]";"[0,1]";0,203619909502262;"C";"E";"E";"E";"E";"E";"E";"E";"E";"D";"E";"E";"E";"E";"E";"E";"E";"E";"E";"E";"E";">5";">20";"-";1;0;0;0,333333333333333;0;0;0,111111111111111;FALSE;FALSE;FALSE;FALSE;FALSE;TRUE;FALSE;TRUE;TRUE;"non";15;"<5beaufort";"<75%";"oui";"oui";"non";"non";"oui";"oui";"oui";"oui";"73";2008;2212;403000;45900;16,8;"Barrage C";"deblai-remblai";"total";NA;"non";"non";"nord-est";"mixte";"plat";"neige+peche+AEP+pastoralisme";"non";"avl+amt";"filtr";NA;NA;1,5;"cours_eau+surplus_AEP";NA;8;"douce";"pelouses";">8";">250K";"multi-usages";">2006";"207 adret_des_tuffes";10;207;NA;NA
"R2";"S6";2021-06-15;NA;NA;NA;NA;NA;NA;NA;NA;NA;NA;NA;"oui";"oui";"oui";"non";"non";"non";-15;"moyenne";20;1;1;1;0;0;3;NA;NA;NA;NA;NA;NA;NA;NA;NA;NA;NA;NA;NA;NA;NA;NA;NA;NA;NA;NA;NA;NA;NA;NA;NA;NA;NA;NA;NA;NA;NA;NA;NA;NA;NA;NA;NA;NA;NA;NA;NA;NA;NA;NA;NA;NA;NA;NA;NA;NA;NA;NA;NA;NA;NA;NA;NA;NA;NA;NA;NA;NA;NA;NA;"oui";"oui";"oui";"oui";"oui";"non";"non";"oui";"73";2002;1800;52400;NA;NA;"Barrage C";"deblai-remblai";"partiel";NA;"partielle";"non";"nord-ouest";"crist";"bas_de_pente";"neige+peche+zen+arrosage+nautique";"non";"avl";"filtr";2017;0;3;"cours_eau";NA;16;"forte";"verts";NA;"<100K";"multi-usages";"<2006";"167 altiport_ancien";NA;NA;NA;NA
"R2";"S6";2021-06-16;"milieu";"non";8,17;613;19,8;9,6;131,2;25;2021-06-16 15:07:00;"(300,Inf]";"(8,8.25]";NA;NA;NA;NA;NA;NA;NA;NA;NA;NA;NA;NA;NA;NA;NA;NA;NA;NA;NA;NA;NA;NA;NA;NA;NA;NA;NA;NA;NA;NA;NA;NA;NA;NA;NA;"A";"E";"C";"E";"D";"E";"A";"E";"E";"E";"D";"E";"E";"E";"E";"E";"E";"E";"E";"E";"E";">5";"<20";"+";1,66666666666667;1;1,33333333333333;0,333333333333333;0;0;0,555555555555556;TRUE;TRUE;FALSE;TRUE;TRUE;TRUE;FALSE;TRUE;TRUE;"non";25;"<5beaufort";"<75%";"oui";"oui";"oui";"oui";"oui";"non";"non";"oui";"73";2002;1800;52400;NA;NA;"Barrage C";"deblai-remblai";"partiel";NA;"partielle";"non";"nord-ouest";"crist";"bas_de_pente";"neige+peche+zen+arrosage+nautique";"non";"avl";"filtr";2017;0;3;"cours_eau";NA;16;"forte";"verts";NA;"<100K";"multi-usages";"<2006";"167 altiport_ancien";15;167;130,3962;11,8738110501555
"R2";"S6";2021-06-16;"milieu";"non";8,07;601;20,2;8,34;116,8;27;2021-06-16 14:55:00;"(300,Inf]";"(8,8.25]";NA;NA;NA;NA;NA;NA;NA;NA;NA;NA;NA;NA;NA;NA;NA;NA;NA;NA;NA;NA;NA;NA;NA;NA;NA;NA;NA;NA;NA;NA;NA;NA;NA;NA;NA;"A";"E";"C";"E";"D";"E";"A";"E";"E";"E";"D";"E";"E";"E";"E";"E";"E";"E";"E";"E";"E";">5";"<20";"+";1,66666666666667;1;1,33333333333333;0,333333333333333;0;0;0,555555555555556;TRUE;TRUE;FALSE;TRUE;TRUE;TRUE;FALSE;TRUE;TRUE;"non";25;"<5beaufort";"<75%";"oui";"oui";"oui";"oui";"oui";"non";"non";"oui";"73";2002;1800;52400;NA;NA;"Barrage C";"deblai-remblai";"partiel";NA;"partielle";"non";"nord-ouest";"crist";"bas_de_pente";"neige+peche+zen+arrosage+nautique";"non";"avl";"filtr";2017;0;3;"cours_eau";NA;16;"forte";"verts";NA;"<100K";"multi-usages";"<2006";"167 altiport_ancien";14;167;115,9962;10,4810532488426
"R2";"S6";2021-06-16;"evac";"non";8,14;614;20,7;8,31;116,4;10;2021-06-16 15:31:00;"(300,Inf]";"(8,8.25]";NA;NA;NA;NA;NA;NA;NA;NA;NA;NA;NA;NA;NA;NA;NA;NA;NA;NA;NA;NA;NA;NA;NA;NA;NA;NA;NA;NA;NA;NA;NA;NA;NA;NA;NA;"A";"E";"C";"E";"D";"E";"A";"E";"E";"E";"D";"E";"E";"E";"E";"E";"E";"E";"E";"E";"E";">5";"<20";"+";1,66666666666667;1;1,33333333333333;0,333333333333333;0;0;0,555555555555556;TRUE;TRUE;FALSE;TRUE;TRUE;TRUE;FALSE;TRUE;TRUE;"non";25;"<5beaufort";"<75%";"oui";"oui";"oui";"oui";"oui";"non";"non";"oui";"73";2002;1800;52400;NA;NA;"Barrage C";"deblai-remblai";"partiel";NA;"partielle";"non";"nord-ouest";"crist";"bas_de_pente";"neige+peche+zen+arrosage+nautique";"non";"avl";"filtr";2017;0;3;"cours_eau";NA;16;"forte";"verts";NA;"<100K";"multi-usages";"<2006";"167 altiport_ancien";15;167;115,5962;10,3451310741307
"R3";"S6";2021-06-15;NA;NA;NA;NA;NA;NA;NA;NA;NA;NA;NA;"oui";"oui";"oui";"anecdot";"oui";"non";-15;"haute";20;1;1;1;1;0;2;NA;NA;NA;NA;NA;NA;NA;NA;NA;NA;NA;NA;NA;NA;NA;NA;NA;NA;NA;NA;NA;NA;NA;NA;NA;NA;NA;NA;NA;NA;NA;NA;NA;NA;NA;NA;NA;NA;NA;NA;NA;NA;NA;NA;NA;NA;NA;NA;NA;NA;NA;NA;NA;NA;NA;NA;NA;NA;NA;NA;NA;NA;NA;NA;"oui";"oui";"oui";"oui";"oui";"non";"non";"oui";"73";2017;1800;120000;20000;11;"Barrage C";"deblai-remblai";"total";NA;"partielle";"non";"nord-ouest";"crist";"pente";"neige+peche+zen+arrosage+nautique";"non";"avl";"filtr";2017;0;3;"cours_eau";NA;16;"douce";"verts";">8";"<250K";"multi-usages";">2006";"167 altiport_extension";NA;NA;NA;NA
"R3";"S6";2021-06-16;"milieu";"oui";8,06;619;20,2;8,39;115,15;15;2021-06-16 14:39:00;"(300,Inf]";"(8,8.25]";NA;NA;NA;NA;NA;NA;NA;NA;NA;NA;NA;NA;NA;NA;NA;0;2;0;4,8;1,44;0;0,6;0;8;2021-06-17;"17/06/2021 09h00";"[0,1]";"[0,0.1]";"[0,0.02]";"(3,5]";"[0,0.03]";"(0.5,1]";"(1,2]";"(1,1.5]";0,135746606334842;"C";"D";"E";"E";"E";"E";"C";"E";"E";"E";"E";"E";"E";"E";"E";"E";"E";"D";"E";"E";"E";">5";">20";"-";1,33333333333333;0;0,666666666666667;0;0;0,333333333333333;0,222222222222222;FALSE;FALSE;FALSE;FALSE;TRUE;FALSE;FALSE;TRUE;TRUE;"non";25;"<5beaufort";"<75%";"oui";"oui";"oui";"oui";"oui";"non";"non";"oui";"73";2017;1800;120000;20000;11;"Barrage C";"deblai-remblai";"total";NA;"partielle";"non";"nord-ouest";"crist";"pente";"neige+peche+zen+arrosage+nautique";"non";"avl";"filtr";2017;0;3;"cours_eau";NA;16;"douce";"verts";">8";"<250K";"multi-usages";">2006";"167 altiport_extension";14;167;114,3462;10,3319644178241
"R3";"S6";2021-06-16;"milieu";"non";8,08;600;20,1;8,45;118,2;15;2021-06-16 14:17:00;"(300,Inf]";"(8,8.25]";NA;NA;NA;NA;NA;NA;NA;NA;NA;NA;NA;NA;NA;NA;NA;0;2;0;4,8;1,44;0;0,6;0;8;2021-06-17;"17/06/2021 09h00";"[0,1]";"[0,0.1]";"[0,0.02]";"(3,5]";"[0,0.03]";"(0.5,1]";"(1,2]";"(1,1.5]";0,135746606334842;"C";"D";"E";"E";"E";"E";"C";"E";"E";"E";"E";"E";"E";"E";"E";"E";"E";"D";"E";"E";"E";">5";">20";"-";1,33333333333333;0;0,666666666666667;0;0;0,333333333333333;0,222222222222222;FALSE;FALSE;FALSE;FALSE;TRUE;FALSE;FALSE;TRUE;TRUE;"non";25;"<5beaufort";"<75%";"oui";"oui";"oui";"oui";"oui";"non";"non";"oui";"73";2017;1800;120000;20000;11;"Barrage C";"deblai-remblai";"total";NA;"partielle";"non";"nord-ouest";"crist";"pente";"neige+peche+zen+arrosage+nautique";"non";"avl";"filtr";2017;0;3;"cours_eau";NA;16;"douce";"verts";">8";"<250K";"multi-usages";">2006";"167 altiport_extension";14;167;117,3962;10,6280545114032
"R4";"S8";2021-06-23;NA;NA;NA;NA;NA;NA;NA;NA;NA;NA;NA;"non";"non";"non";"non";"partiel";"oui";-30;"moyenne";55;1;1;1;1;1;4;NA;NA;NA;NA;NA;NA;NA;NA;NA;NA;NA;NA;NA;NA;NA;NA;NA;NA;NA;NA;NA;NA;NA;NA;NA;NA;NA;NA;NA;NA;NA;NA;NA;NA;NA;NA;NA;NA;NA;NA;NA;NA;NA;NA;NA;NA;NA;NA;NA;NA;NA;NA;NA;NA;NA;NA;NA;NA;NA;NA;NA;NA;NA;NA;"oui";"oui";"oui";"non";"oui";"non";"oui";"oui";"05";2009;2300;64370;NA;12;"Barrage C";"deblai-remblai";"aucun";"oui";"totale";"totale";"nord-est";"mixte";"pente";"neige";"non";"avl";"filtr";2020;4;NA;"retenue";"Rocher blanc + nappe accompagnement";69;"forte";"froids";">8";"<100K";"neige (AEP)";">2006";"175 bergerie";NA;NA;NA;NA
"R4";"S8";2021-06-24;"evac";"oui";8,23;143;12,3;8,65;106,1;27;2021-06-24 14:15:00;"(100,150]";"(8,8.25]";NA;NA;NA;NA;NA;NA;NA;NA;NA;NA;NA;NA;NA;NA;NA;0;3;0;4;2,44;0;0;0;8;2021-06-25;"25/06/2021 16h00";"[0,1]";"[0,0.1]";"[0,0.02]";"(3,5]";"[0,0.03]";"[0,0.5]";"(2,3]";"(1.5,2.5]";0;"D";"E";"E";"C";"E";"E";"E";"E";"E";"E";"E";"E";"E";"E";"E";"E";"E";"E";"E";"E";"E";"<5";"<20";"+";0,333333333333333;0,75;0;0;0;0;0;TRUE;FALSE;TRUE;FALSE;FALSE;FALSE;FALSE;FALSE;TRUE;"grele";12;"<5beaufort";">75%";"oui";"oui";"oui";"non";"oui";"non";"oui";"oui";"05";2009;2300;64370;NA;12;"Barrage C";"deblai-remblai";"aucun";"oui";"totale";"totale";"nord-est";"mixte";"pente";"neige";"non";"avl";"filtr";2020;4;NA;"retenue";"Rocher blanc + nappe accompagnement";69;"forte";"froids";">8";"<100K";"neige (AEP)";">2006";"175 bergerie";14;175;105,3507;11,2306147899408
"R4";"S8";2021-06-24;"milieu";"non";8,23;147,7;12,5;8,76;108;27;2021-06-24 15:15:00;"(100,150]";"(8,8.25]";NA;NA;NA;NA;NA;NA;NA;NA;NA;NA;NA;NA;NA;NA;NA;0;3;0;4;2,44;0;0;0;8;2021-06-25;"25/06/2021 16h00";"[0,1]";"[0,0.1]";"[0,0.02]";"(3,5]";"[0,0.03]";"[0,0.5]";"(2,3]";"(1.5,2.5]";0;"D";"E";"E";"C";"E";"E";"E";"E";"E";"E";"E";"E";"E";"E";"E";"E";"E";"E";"E";"E";"E";"<5";"<20";"+";0,333333333333333;0,75;0;0;0;0;0;TRUE;FALSE;TRUE;FALSE;FALSE;FALSE;FALSE;FALSE;TRUE;"grele";12;"<5beaufort";">75%";"oui";"oui";"oui";"non";"oui";"non";"oui";"oui";"05";2009;2300;64370;NA;12;"Barrage C";"deblai-remblai";"aucun";"oui";"totale";"totale";"nord-est";"mixte";"pente";"neige";"non";"avl";"filtr";2020;4;NA;"retenue";"Rocher blanc + nappe accompagnement";69;"forte";"froids";">8";"<100K";"neige (AEP)";">2006";"175 bergerie";15;175;107,2507;11,3813548679203
"R5";"S8";2021-06-23;NA;NA;NA;NA;NA;NA;NA;NA;NA;NA;NA;"non";"non";"non";"non";"partiel";"non";0;"haute";20;0;0;0;0;0;4;NA;NA;NA;NA;NA;NA;NA;NA;NA;NA;NA;NA;NA;NA;NA;NA;NA;NA;NA;NA;NA;NA;NA;NA;NA;NA;NA;NA;NA;NA;NA;NA;NA;NA;NA;NA;NA;NA;NA;NA;NA;NA;NA;NA;NA;NA;NA;NA;NA;NA;NA;NA;NA;NA;NA;NA;NA;NA;NA;NA;NA;NA;NA;NA;"oui";"oui";"oui";"oui";"oui";"non";"oui";"non";"05";2001;1680;7700;NA;6,85;"non classe";"deblai-remblai";"aucun";NA;"totale";"totale";"nord-est";"mixte";"pente";"neige";"non";"avl";"filtr";2020;4;NA;"cours_eau";"Bez";121;"forte";"verts";"<=8";"<20K";"neige (AEP)";"<2006";"175 bez";NA;NA;NA;NA
"R5";"S8";2021-06-24;"evac";"non";8,13;315;19,9;7,23;97,2;7;2021-06-24 15:50:00;"(300,Inf]";"(8,8.25]";NA;NA;NA;NA;NA;NA;NA;NA;NA;NA;NA;NA;NA;NA;NA;0;1;0;9,5;1,56;0,05;0;0;8;2021-06-25;"25/06/2021 16h14";"[0,1]";"[0,0.1]";"[0,0.02]";"(8.2,10]";"(0.03,0.06]";"[0,0.5]";"(0.5,1]";"(1.5,2.5]";0;"E";"E";"E";"C";"E";"E";"E";"E";"E";"E";"A";"E";"D";"E";"E";"E";"E";"E";"E";"E";"E";"<5";"<20";"+";0;0,75;0;1,33333333333333;0;0;0,444444444444444;TRUE;FALSE;TRUE;FALSE;FALSE;TRUE;FALSE;TRUE;FALSE;"non";23;"<5beaufort";"<75%";"oui";"oui";"oui";"oui";"oui";"non";"oui";"non";"05";2001;1680;7700;NA;6,85;"non classe";"deblai-remblai";"aucun";NA;"totale";"totale";"nord-est";"mixte";"pente";"neige";"non";"avl";"filtr";2020;4;NA;"cours_eau";"Bez";121;"forte";"verts";"<=8";"<20K";"neige (AEP)";"<2006";"175 bez";15;175;96,38312;8,75956873092744
"R5";"S8";2021-06-24;"milieu";"non";8,07;316;20;7,14;96,1;27;2021-06-24 15:30:00;"(300,Inf]";"(8,8.25]";NA;NA;NA;NA;NA;NA;NA;NA;NA;NA;NA;NA;NA;NA;NA;0;1;0;9,5;1,56;0,05;0;0;8;2021-06-25;"25/06/2021 16h14";"[0,1]";"[0,0.1]";"[0,0.02]";"(8.2,10]";"(0.03,0.06]";"[0,0.5]";"(0.5,1]";"(1.5,2.5]";0;"E";"E";"E";"C";"E";"E";"E";"E";"E";"E";"A";"E";"D";"E";"E";"E";"E";"E";"E";"E";"E";"<5";"<20";"+";0;0,75;0;1,33333333333333;0;0;0,444444444444444;TRUE;FALSE;TRUE;FALSE;FALSE;TRUE;FALSE;TRUE;FALSE;"non";23;"<5beaufort";"<75%";"oui";"oui";"oui";"oui";"oui";"non";"oui";"non";"05";2001;1680;7700;NA;6,85;"non classe";"deblai-remblai";"aucun";NA;"totale";"totale";"nord-est";"mixte";"pente";"neige";"non";"avl";"filtr";2020;4;NA;"cours_eau";"Bez";121;"forte";"verts";"<=8";"<20K";"neige (AEP)";"<2006";"175 bez";15;175;95,28312;8,6428284738962
"R5";"S8";2021-06-24;"milieu";"oui";8,11;318;19,7;7,25;96,5;27;2021-06-24 15:40:00;"(300,Inf]";"(8,8.25]";NA;NA;NA;NA;NA;NA;NA;NA;NA;NA;NA;NA;NA;NA;NA;0;1;0;9,5;1,56;0,05;0;0;8;2021-06-25;"25/06/2021 16h14";"[0,1]";"[0,0.1]";"[0,0.02]";"(8.2,10]";"(0.03,0.06]";"[0,0.5]";"(0.5,1]";"(1.5,2.5]";0;"E";"E";"E";"C";"E";"E";"E";"E";"E";"E";"A";"E";"D";"E";"E";"E";"E";"E";"E";"E";"E";"<5";"<20";"+";0;0,75;0;1,33333333333333;0;0;0,444444444444444;TRUE;FALSE;TRUE;FALSE;FALSE;TRUE;FALSE;TRUE;FALSE;"non";23;"<5beaufort";"<75%";"oui";"oui";"oui";"oui";"oui";"non";"oui";"non";"05";2001;1680;7700;NA;6,85;"non classe";"deblai-remblai";"aucun";NA;"totale";"totale";"nord-est";"mixte";"pente";"neige";"non";"avl";"filtr";2020;4;NA;"cours_eau";"Bez";121;"forte";"verts";"<=8";"<20K";"neige (AEP)";"<2006";"175 bez";15;175;95,68312;8,7298266924815
"R6";"S9";2021-07-06;NA;NA;NA;NA;NA;NA;NA;NA;NA;NA;NA;"non";"non";"non";"non";"oui";"non";-150;"faible";5;1;1;1;0;0;3;NA;NA;NA;NA;NA;NA;NA;NA;NA;NA;NA;NA;NA;NA;NA;NA;NA;NA;NA;NA;NA;NA;NA;NA;NA;NA;NA;NA;NA;NA;NA;NA;NA;NA;NA;NA;NA;NA;NA;NA;NA;NA;NA;NA;NA;NA;NA;NA;NA;NA;NA;NA;NA;NA;NA;NA;NA;NA;NA;NA;NA;NA;NA;NA;"oui";"non";"non";"non";"oui";"non";"oui";"non";"73";2010;2500;82000;NA;NA;NA;"retenue";"total";NA;"totale";"non";"nord";"alca";"creux";"neige";NA;NA;"filtr";NA;0;NA;"cours_eau";"isere";29;"moyenne";"froids";NA;"<100K";"neige (AEP)";">2006";"188 borsat";NA;NA;NA;NA
"R6";"S9";2021-07-07;"milieu";"oui";7,86;102,6;11,9;8,22;100;22;2021-07-07 12:50:00;"(100,150]";"(7.75,8]";NA;NA;NA;NA;NA;NA;NA;NA;NA;NA;NA;NA;NA;NA;NA;0;0;0;2,4;4,06;0,03;0;0;5;2021-07-09;"09/07/2021 10h20";"[0,1]";"[0,0.1]";"[0,0.02]";"[0,3]";"[0,0.03]";"[0,0.5]";"[0,0.5]";"(3.5,Inf]";0;"D";"E";"D";"B";"E";"E";"E";"E";"E";"E";"E";"E";"E";"E";"E";"E";"E";"E";"E";"E";"E";"<5";"<20";"+";0,333333333333333;1,25;0;0;0;0;0;TRUE;TRUE;TRUE;FALSE;FALSE;FALSE;FALSE;FALSE;TRUE;"non";25;"<5beaufort";">75%";"oui";"non";"non";"non";"oui";"non";"oui";"non";"73";2010;2500;82000;NA;NA;NA;"retenue";"total";NA;"totale";"non";"nord";"alca";"creux";"neige";NA;NA;"filtr";NA;0;NA;"cours_eau";"isere";29;"moyenne";"froids";NA;"<100K";"neige (AEP)";">2006";"188 borsat";12;188;99,2725;10,6798878559945
"R7";"S8";2021-06-23;NA;NA;NA;NA;NA;NA;NA;NA;NA;NA;NA;"non";"non";"non";"non";"oui";"non";-5;"moyenne";30;0;0;0;0;0;3;NA;NA;NA;NA;NA;NA;NA;NA;NA;NA;NA;NA;NA;NA;NA;NA;NA;NA;NA;NA;NA;NA;NA;NA;NA;NA;NA;NA;NA;NA;NA;NA;NA;NA;NA;NA;NA;NA;NA;NA;NA;NA;NA;NA;NA;NA;NA;NA;NA;NA;NA;NA;NA;NA;NA;NA;NA;NA;NA;NA;NA;NA;NA;NA;"oui";"oui";"oui";"oui";"non";"oui";"oui";"oui";"05";2000;2260;50200;NA;8,4;"Barrage C";"deblai-remblai";"aucun";NA;"totale";"totale";"est";"mixte";"pente";"neige";"non";"avl";"filtr";2019;4;NA;"retenue";"Rocher blanc + nappe accompagnement";68;"forte";"froids";">8";"<100K";"neige (AEP)";"<2006";"175 casse_du_boeuf";NA;NA;NA;NA
"R7";"S8";2021-06-24;"evac";"oui";8,17;437;13,9;8,65;109;27;2021-06-24 13:40:00;"(300,Inf]";"(8,8.25]";NA;NA;NA;NA;NA;NA;NA;NA;NA;NA;NA;NA;NA;NA;NA;0;1;0;11,5;1,14;0;1,2;0;8;2021-06-25;"25/06/2021 16h00";"[0,1]";"[0,0.1]";"[0,0.02]";"(10,Inf]";"[0,0.03]";"(1,2]";"(0.5,1]";"(1,1.5]";0,271493212669683;"E";"E";"D";"E";"E";"E";"E";"E";"E";"E";"E";"E";"E";"E";"E";"E";"E";"E";"E";"E";"E";"<5";"<20";"-";0;0,25;0;0;0;0;0;TRUE;TRUE;FALSE;FALSE;FALSE;FALSE;FALSE;FALSE;FALSE;"pluie_faible";NA;"<5beaufort";">75%";"oui";"oui";"oui";"oui";"non";"oui";"oui";"oui";"05";2000;2260;50200;NA;8,4;"Barrage C";"deblai-remblai";"aucun";NA;"totale";"totale";"est";"mixte";"pente";"neige";"non";"avl";"filtr";2019;4;NA;"retenue";"Rocher blanc + nappe accompagnement";68;"forte";"froids";">8";"<100K";"neige (AEP)";"<2006";"175 casse_du_boeuf";13;175;108,24634;11,1338753007027
"R7";"S8";2021-06-24;"milieu";"non";8,14;431;14,3;8,63;109,9;27;2021-06-24 13:30:00;"(300,Inf]";"(8,8.25]";NA;NA;NA;NA;NA;NA;NA;NA;NA;NA;NA;NA;NA;NA;NA;0;1;0;11,5;1,14;0;1,2;0;8;2021-06-25;"25/06/2021 16h00";"[0,1]";"[0,0.1]";"[0,0.02]";"(10,Inf]";"[0,0.03]";"(1,2]";"(0.5,1]";"(1,1.5]";0,271493212669683;"E";"E";"D";"E";"E";"E";"E";"E";"E";"E";"E";"E";"E";"E";"E";"E";"E";"E";"E";"E";"E";"<5";"<20";"-";0;0,25;0;0;0;0;0;TRUE;TRUE;FALSE;FALSE;FALSE;FALSE;FALSE;FALSE;FALSE;"pluie_faible";NA;"<5beaufort";">75%";"oui";"oui";"oui";"oui";"non";"oui";"oui";"oui";"05";2000;2260;50200;NA;8,4;"Barrage C";"deblai-remblai";"aucun";NA;"totale";"totale";"est";"mixte";"pente";"neige";"non";"avl";"filtr";2019;4;NA;"retenue";"Rocher blanc + nappe accompagnement";68;"forte";"froids";">8";"<100K";"neige (AEP)";"<2006";"175 casse_du_boeuf";13;175;109,14634;11,128697675098
"R8";"S6";2021-06-15;NA;NA;NA;NA;NA;NA;NA;NA;NA;NA;NA;"non";"oui";"?";"non";"non";"non";0;"haute";75;1;1;1;1;0;3;NA;NA;NA;NA;NA;NA;NA;NA;NA;NA;NA;NA;NA;NA;NA;NA;NA;NA;NA;NA;NA;NA;NA;NA;NA;NA;NA;NA;NA;NA;NA;NA;NA;NA;NA;NA;NA;NA;NA;NA;NA;NA;NA;NA;NA;NA;NA;NA;NA;NA;NA;NA;NA;NA;NA;NA;NA;NA;NA;NA;NA;NA;NA;NA;"oui";"non";"oui";"oui";"oui";"non";"non";"oui";"73";2006;2000;60000;10000;10;"Barrage C";"deblai-remblai";"partiel";NA;"non";"partielle";"nord-est";"crist";"butte";"neige";"non";"avl";"filtr";2020;0;3;"cours_eau";"Allues";22;"moyenne";"verts";">8";"<100K";"neige (AEP)";"<2006";"167 cherferie";NA;NA;NA;NA
"R8";"S6";2021-06-16;"evac";"oui";7,92;470;18,1;7,74;104,7;10;2021-06-16 11:45:00;"(300,Inf]";"(7.75,8]";NA;NA;NA;NA;NA;NA;NA;NA;NA;NA;NA;NA;NA;NA;NA;0;1;0;2,4;3,18;0;1;0;8;2021-06-17;"17/06/2021 09h00";"[0,1]";"[0,0.1]";"[0,0.02]";"[0,3]";"[0,0.03]";"(0.5,1]";"(0.5,1]";"(2.5,3.5]";0,226244343891403;"B";"C";"D";"D";"D";"E";"E";"E";"E";"D";"E";"C";"A";"B";"E";"E";"E";"E";"E";"E";"E";">5";">20";"+";2;1;0;1;1;0;0,666666666666667;TRUE;TRUE;TRUE;TRUE;FALSE;TRUE;TRUE;TRUE;TRUE;"non";25;"<5beaufort";"<75%";"oui";"non";"oui";"oui";"oui";"non";"non";"oui";"73";2006;2000;60000;10000;10;"Barrage C";"deblai-remblai";"partiel";NA;"non";"partielle";"nord-est";"crist";"butte";"neige";"non";"avl";"filtr";2020;0;3;"cours_eau";"Allues";22;"moyenne";"verts";">8";"<100K";"neige (AEP)";"<2006";"167 cherferie";11;167;103,918;9,78613397265782
"R8";"S6";2021-06-16;"milieu";"non";7,81;464;18,5;7,55;103,7;20;2021-06-16 11:20:00;"(300,Inf]";"(7.75,8]";NA;NA;NA;NA;NA;NA;NA;NA;NA;NA;NA;NA;NA;NA;NA;0;1;0;2,4;3,18;0;1;0;8;2021-06-17;"17/06/2021 09h00";"[0,1]";"[0,0.1]";"[0,0.02]";"[0,3]";"[0,0.03]";"(0.5,1]";"(0.5,1]";"(2.5,3.5]";0,226244343891403;"B";"C";"D";"D";"D";"E";"E";"E";"E";"D";"E";"C";"A";"B";"E";"E";"E";"E";"E";"E";"E";">5";">20";"+";2;1;0;1;1;0;0,666666666666667;TRUE;TRUE;TRUE;TRUE;FALSE;TRUE;TRUE;TRUE;TRUE;"non";25;"<5beaufort";"<75%";"oui";"non";"oui";"oui";"oui";"non";"non";"oui";"73";2006;2000;60000;10000;10;"Barrage C";"deblai-remblai";"partiel";NA;"non";"partielle";"nord-est";"crist";"butte";"neige";"non";"avl";"filtr";2020;0;3;"cours_eau";"Allues";22;"moyenne";"verts";">8";"<100K";"neige (AEP)";"<2006";"167 cherferie";11;167;102,918;9,61464307538891
"R8";"S6";2021-06-16;"alim";"non";7,87;467;18;7,44;102,1;20;2021-06-16 11:35:00;"(300,Inf]";"(7.75,8]";NA;NA;NA;NA;NA;NA;NA;NA;NA;NA;NA;NA;NA;NA;NA;0;1;0;2,4;3,18;0;1;0;8;2021-06-17;"17/06/2021 09h00";"[0,1]";"[0,0.1]";"[0,0.02]";"[0,3]";"[0,0.03]";"(0.5,1]";"(0.5,1]";"(2.5,3.5]";0,226244343891403;"B";"C";"D";"D";"D";"E";"E";"E";"E";"D";"E";"C";"A";"B";"E";"E";"E";"E";"E";"E";"E";">5";">20";"+";2;1;0;1;1;0;0,666666666666667;TRUE;TRUE;TRUE;TRUE;FALSE;TRUE;TRUE;TRUE;TRUE;"non";25;"<5beaufort";"<75%";"oui";"non";"oui";"oui";"oui";"non";"non";"oui";"73";2006;2000;60000;10000;10;"Barrage C";"deblai-remblai";"partiel";NA;"non";"partielle";"nord-est";"crist";"butte";"neige";"non";"avl";"filtr";2020;0;3;"cours_eau";"Allues";22;"moyenne";"verts";">8";"<100K";"neige (AEP)";"<2006";"167 cherferie";11;167;101,318;9,56050853746978
"R26";"S12";2021-08-04;NA;NA;NA;NA;NA;NA;NA;NA;NA;NA;NA;"non";"non";"non";"non";NA;"oui";-15;"faible";75;0;1;1;1;0;4;NA;NA;NA;NA;NA;NA;NA;NA;NA;NA;NA;NA;NA;NA;NA;NA;NA;NA;NA;NA;NA;NA;NA;NA;NA;NA;NA;NA;NA;NA;NA;NA;NA;NA;NA;NA;NA;NA;NA;NA;NA;NA;NA;NA;NA;NA;NA;NA;NA;NA;NA;NA;NA;NA;NA;NA;NA;NA;NA;NA;NA;NA;NA;NA;"oui";"oui";"oui";"oui";"oui";"non";"oui";"oui";"73";1999;1450;10500;2800;5,75;"non classe";"deblai-remblai";"partiel";NA;"totale";"totale";"nord";"mixte";"pente";"neige";"non";NA;NA;NA;NA;NA;"cours_eau+surplus_AEP";NA;39;"forte";"verts";"<=8";"<20K";"neige (AEP)";"<2006";"217 coches";NA;NA;NA;NA
"R26";"S12";2021-08-05;"milieu";"non";8,92;163,9;11,2;NA;NA;30;2021-08-05 14:13:00;"(150,300]";"(8.75,Inf]";NA;NA;NA;NA;NA;NA;NA;NA;NA;NA;NA;NA;NA;NA;NA;5;16;0,4;8,8;2,62;0;0,7;0;6;2021-08-05;"05/08/2021 16h35";"(2,Inf]";"(0.1,Inf]";"[0,0.02]";"(8.2,10]";"[0,0.03]";"(0.5,1]";"(3,Inf]";"(2.5,3.5]";0,158371040723982;"A";"E";"A";"A";"D";"E";"E";"E";"E";"E";"A";"E";"E";"E";"E";"E";"E";"E";"E";"E";"E";">5";">20";"++++";1,66666666666667;3,25;0;1,33333333333333;0;0;0,444444444444444;TRUE;TRUE;TRUE;TRUE;FALSE;TRUE;FALSE;TRUE;TRUE;"non";20;"<5beaufort";"<75%";"oui";"oui";"oui";"oui";"oui";"non";"oui";"oui";"73";1999;1450;10500;2800;5,75;"non classe";"deblai-remblai";"partiel";NA;"totale";"totale";"nord";"mixte";"pente";"neige";"non";NA;NA;NA;NA;NA;"cours_eau+surplus_AEP";NA;39;"forte";"verts";"<=8";"<20K";"neige (AEP)";"<2006";"217 coches";14;217;NA;NA
"R26";"S12";2021-08-05;"milieu";"oui";8,81;163,2;10,8;NA;NA;25;2021-08-05 13:45:00;"(150,300]";"(8.75,Inf]";NA;NA;NA;NA;NA;NA;NA;NA;NA;NA;NA;NA;NA;NA;NA;5;16;0,4;8,8;2,62;0;0,7;0;6;2021-08-05;"05/08/2021 16h35";"(2,Inf]";"(0.1,Inf]";"[0,0.02]";"(8.2,10]";"[0,0.03]";"(0.5,1]";"(3,Inf]";"(2.5,3.5]";0,158371040723982;"A";"E";"A";"A";"D";"E";"E";"E";"E";"E";"A";"E";"E";"E";"E";"E";"E";"E";"E";"E";"E";">5";">20";"++++";1,66666666666667;3,25;0;1,33333333333333;0;0;0,444444444444444;TRUE;TRUE;TRUE;TRUE;FALSE;TRUE;FALSE;TRUE;TRUE;"non";20;"<5beaufort";"<75%";"oui";"oui";"oui";"oui";"oui";"non";"oui";"oui";"73";1999;1450;10500;2800;5,75;"non classe";"deblai-remblai";"partiel";NA;"totale";"totale";"nord";"mixte";"pente";"neige";"non";NA;NA;NA;NA;NA;"cours_eau+surplus_AEP";NA;39;"forte";"verts";"<=8";"<20K";"neige (AEP)";"<2006";"217 coches";13;217;NA;NA
"R26";"S12";2021-08-05;"alim";"non";8,93;164,1;10,4;NA;NA;30;2021-08-05 14:00:00;"(150,300]";"(8.75,Inf]";NA;NA;NA;NA;NA;NA;NA;NA;NA;NA;NA;NA;NA;NA;NA;5;16;0,4;8,8;2,62;0;0,7;0;6;2021-08-05;"05/08/2021 16h35";"(2,Inf]";"(0.1,Inf]";"[0,0.02]";"(8.2,10]";"[0,0.03]";"(0.5,1]";"(3,Inf]";"(2.5,3.5]";0,158371040723982;"A";"E";"A";"A";"D";"E";"E";"E";"E";"E";"A";"E";"E";"E";"E";"E";"E";"E";"E";"E";"E";">5";">20";"++++";1,66666666666667;3,25;0;1,33333333333333;0;0;0,444444444444444;TRUE;TRUE;TRUE;TRUE;FALSE;TRUE;FALSE;TRUE;TRUE;"non";20;"<5beaufort";"<75%";"oui";"oui";"oui";"oui";"oui";"non";"oui";"oui";"73";1999;1450;10500;2800;5,75;"non classe";"deblai-remblai";"partiel";NA;"totale";"totale";"nord";"mixte";"pente";"neige";"non";NA;NA;NA;NA;NA;"cours_eau+surplus_AEP";NA;39;"forte";"verts";"<=8";"<20K";"neige (AEP)";"<2006";"217 coches";14;217;NA;NA
"R9";"S5";2021-06-14;NA;NA;NA;NA;NA;NA;NA;NA;NA;NA;NA;"non";"non";"non";"anecdot";"partiel";"non";-50;"haute";60;0;0;1;1;0;0;NA;NA;NA;NA;NA;NA;NA;NA;NA;NA;NA;NA;NA;NA;NA;NA;NA;NA;NA;NA;NA;NA;NA;NA;NA;NA;NA;NA;NA;NA;NA;NA;NA;NA;NA;NA;NA;NA;NA;NA;NA;NA;NA;NA;NA;NA;NA;NA;NA;NA;NA;NA;NA;NA;NA;NA;NA;NA;NA;NA;NA;NA;NA;NA;"oui";"non";"oui";"non";"oui";"non";"oui";"oui";"73";2003;2360;48000;8000;7;"non classe";"deblai-remblai";"partiel";NA;"totale";"non";"ouest";"crist";"pente";"neige";"oui";"avl+autreBV";NA;NA;0;10;"AEP";NA;19;"douce";"froids";"<=8";"<50K";"neige (AEP)";"<2006";"166 echauds_2";NA;NA;NA;NA
"R9";"S5";2021-06-15;"evac";"oui";8;103,3;14,8;7,72;102,6;12;2021-06-15 12:24:00;"(100,150]";"(7.75,8]";NA;NA;NA;NA;NA;NA;NA;NA;NA;NA;NA;NA;NA;NA;NA;0;1;0;5,8;0,75;0;0;0;8;2021-06-17;"17/06/2021 09h00";"[0,1]";"[0,0.1]";"[0,0.02]";"(5,8.2]";"[0,0.03]";"[0,0.5]";"(0.5,1]";"[0,1]";0;"C";"E";"D";"B";"D";"E";"E";"E";"E";"A";"E";"A";"E";"A";"E";"E";"E";"E";"E";"E";"E";">5";"<20";"+";1;1,5;0;2,66666666666667;1,33333333333333;0;1,33333333333333;TRUE;TRUE;TRUE;TRUE;FALSE;TRUE;TRUE;TRUE;TRUE;"non";21;">5beaufort";"<75%";"oui";"non";"oui";"non";"oui";"non";"oui";"oui";"73";2003;2360;48000;8000;7;"non classe";"deblai-remblai";"partiel";NA;"totale";"non";"ouest";"crist";"pente";"neige";"oui";"avl+autreBV";NA;NA;0;10;"AEP";NA;19;"douce";"froids";"<=8";"<50K";"neige (AEP)";"<2006";"166 echauds_2";12;166;101,85724;10,2736756650301
"R9";"S5";2021-06-15;"milieu";"non";8,01;103,7;14,6;7,73;100;15;2021-06-15 12:00:00;"(100,150]";"(8,8.25]";NA;NA;NA;NA;NA;NA;NA;NA;NA;NA;NA;NA;NA;NA;NA;0;1;0;5,8;0,75;0;0;0;8;2021-06-17;"17/06/2021 09h00";"[0,1]";"[0,0.1]";"[0,0.02]";"(5,8.2]";"[0,0.03]";"[0,0.5]";"(0.5,1]";"[0,1]";0;"C";"E";"D";"B";"D";"E";"E";"E";"E";"A";"E";"A";"E";"A";"E";"E";"E";"E";"E";"E";"E";">5";"<20";"+";1;1,5;0;2,66666666666667;1,33333333333333;0;1,33333333333333;TRUE;TRUE;TRUE;TRUE;FALSE;TRUE;TRUE;TRUE;TRUE;"non";21;">5beaufort";"<75%";"oui";"non";"oui";"non";"oui";"non";"oui";"oui";"73";2003;2360;48000;8000;7;"non classe";"deblai-remblai";"partiel";NA;"totale";"non";"ouest";"crist";"pente";"neige";"oui";"avl+autreBV";NA;NA;0;10;"AEP";NA;19;"douce";"froids";"<=8";"<50K";"neige (AEP)";"<2006";"166 echauds_2";12;166;99,25724;10,0547326532007
"R9";"S5";2021-06-15;"alim";"non";7,87;109,2;13;7,82;99,7;15;2021-06-15 12:00:00;"(100,150]";"(7.75,8]";NA;NA;NA;NA;NA;NA;NA;NA;NA;NA;NA;NA;NA;NA;NA;0;1;0;5,8;0,75;0;0;0;8;2021-06-17;"17/06/2021 09h00";"[0,1]";"[0,0.1]";"[0,0.02]";"(5,8.2]";"[0,0.03]";"[0,0.5]";"(0.5,1]";"[0,1]";0;"C";"E";"D";"B";"D";"E";"E";"E";"E";"A";"E";"A";"E";"A";"E";"E";"E";"E";"E";"E";"E";">5";"<20";"+";1;1,5;0;2,66666666666667;1,33333333333333;0;1,33333333333333;TRUE;TRUE;TRUE;TRUE;FALSE;TRUE;TRUE;TRUE;TRUE;"non";21;">5beaufort";"<75%";"oui";"non";"oui";"non";"oui";"non";"oui";"oui";"73";2003;2360;48000;8000;7;"non classe";"deblai-remblai";"partiel";NA;"totale";"non";"ouest";"crist";"pente";"neige";"oui";"avl+autreBV";NA;NA;0;10;"AEP";NA;19;"douce";"froids";"<=8";"<50K";"neige (AEP)";"<2006";"166 echauds_2";12;166;98,95724;10,3836381694444
"R10";"S8";2021-06-24;NA;NA;NA;NA;NA;NA;NA;NA;NA;NA;NA;"non";"non";"non";"anecdot";"partiel";"non";-200;"moyenne";10;0;0;1;1;0;3;NA;NA;NA;NA;NA;NA;NA;NA;NA;NA;NA;NA;NA;NA;NA;NA;NA;NA;NA;NA;NA;NA;NA;NA;NA;NA;NA;NA;NA;NA;NA;NA;NA;NA;NA;NA;NA;NA;NA;NA;NA;NA;NA;NA;NA;NA;NA;NA;NA;NA;NA;NA;NA;NA;NA;NA;NA;NA;NA;NA;NA;NA;NA;NA;"oui";"non";"non";"non";"oui";"oui";"oui";"oui";"05";2002;2400;42830;NA;9,5;"Barrage C";"deblai-remblai";"aucun";"oui";"totale";"totale";"nord";"alca";"pente";"neige";"non";"avl";"filtr";2018;4;NA;"surplus AEP";"Grand Taduc";70;"moyenne";"froids";">8";"<50K";"neige (AEP)";"<2006";"176 eychauda";NA;NA;NA;NA
"R10";"S8";2021-06-25;"evac";"oui";7,6;209,1;8,7;8,9;101,5;25;2021-06-25 09:45:00;"(150,300]";"[0,7.75]";NA;NA;NA;NA;NA;NA;NA;NA;NA;NA;NA;NA;NA;NA;NA;0;1;0;4,5;1,91;0;0;0;8;2021-06-25;"25/06/2021 16h00";"[0,1]";"[0,0.1]";"[0,0.02]";"(3,5]";"[0,0.03]";"[0,0.5]";"(0.5,1]";"(1.5,2.5]";0;"E";"E";"D";"C";"E";"E";"E";"E";"E";"E";"E";"E";"E";"E";"E";"E";"E";"E";"E";"E";"E";"<5";"<20";"+";0;1;0;0;0;0;0;TRUE;TRUE;TRUE;FALSE;FALSE;FALSE;FALSE;FALSE;FALSE;"non";10;"<5beaufort";"<75%";"oui";"non";"non";"non";"oui";"oui";"oui";"oui";"05";2002;2400;42830;NA;9,5;"Barrage C";"deblai-remblai";"aucun";"oui";"totale";"totale";"nord";"alca";"pente";"neige";"non";"avl";"filtr";2018;4;NA;"surplus AEP";"Grand Taduc";70;"moyenne";"froids";">8";"<50K";"neige (AEP)";"<2006";"176 eychauda";9;176;100,7616;11,6999853882003
"R10";"S8";2021-06-25;"evac";"non";7,75;210,9;8,7;8,95;102,1;12;2021-06-25 09:55:00;"(150,300]";"[0,7.75]";NA;NA;NA;NA;NA;NA;NA;NA;NA;NA;NA;NA;NA;NA;NA;0;1;0;4,5;1,91;0;0;0;8;2021-06-25;"25/06/2021 16h00";"[0,1]";"[0,0.1]";"[0,0.02]";"(3,5]";"[0,0.03]";"[0,0.5]";"(0.5,1]";"(1.5,2.5]";0;"E";"E";"D";"C";"E";"E";"E";"E";"E";"E";"E";"E";"E";"E";"E";"E";"E";"E";"E";"E";"E";"<5";"<20";"+";0;1;0;0;0;0;0;TRUE;TRUE;TRUE;FALSE;FALSE;FALSE;FALSE;FALSE;FALSE;"non";10;"<5beaufort";"<75%";"oui";"non";"non";"non";"oui";"oui";"oui";"oui";"05";2002;2400;42830;NA;9,5;"Barrage C";"deblai-remblai";"aucun";"oui";"totale";"totale";"nord";"alca";"pente";"neige";"non";"avl";"filtr";2018;4;NA;"surplus AEP";"Grand Taduc";70;"moyenne";"froids";">8";"<50K";"neige (AEP)";"<2006";"176 eychauda";9;176;101,3616;11,769654699058
"R10";"S8";2021-06-25;"milieu";"non";7,78;210;9,2;8,96;101,3;25;2021-06-25 10:10:00;"(150,300]";"(7.75,8]";NA;NA;NA;NA;NA;NA;NA;NA;NA;NA;NA;NA;NA;NA;NA;0;1;0;4,5;1,91;0;0;0;8;2021-06-25;"25/06/2021 16h00";"[0,1]";"[0,0.1]";"[0,0.02]";"(3,5]";"[0,0.03]";"[0,0.5]";"(0.5,1]";"(1.5,2.5]";0;"E";"E";"D";"C";"E";"E";"E";"E";"E";"E";"E";"E";"E";"E";"E";"E";"E";"E";"E";"E";"E";"<5";"<20";"+";0;1;0;0;0;0;0;TRUE;TRUE;TRUE;FALSE;FALSE;FALSE;FALSE;FALSE;FALSE;"non";10;"<5beaufort";"<75%";"oui";"non";"non";"non";"oui";"oui";"oui";"oui";"05";2002;2400;42830;NA;9,5;"Barrage C";"deblai-remblai";"aucun";"oui";"totale";"totale";"nord";"alca";"pente";"neige";"non";"avl";"filtr";2018;4;NA;"surplus AEP";"Grand Taduc";70;"moyenne";"froids";">8";"<50K";"neige (AEP)";"<2006";"176 eychauda";10;176;100,5616;11,5338048619001
"R11";"S1";2021-06-07;NA;NA;NA;NA;NA;NA;NA;NA;NA;NA;NA;"non";"non";"non";"anecdot";NA;"non";0;"haute";95;0;1;0;1;1;3;NA;NA;NA;NA;NA;NA;NA;NA;NA;NA;NA;NA;NA;NA;NA;NA;NA;NA;NA;NA;NA;NA;NA;NA;NA;NA;NA;NA;NA;NA;NA;NA;NA;NA;NA;NA;NA;NA;NA;NA;NA;NA;NA;NA;NA;NA;NA;NA;NA;NA;NA;NA;NA;NA;NA;NA;NA;NA;NA;NA;NA;NA;NA;NA;"oui";"oui";"oui";"oui";"non";"non";"oui";"oui";"38";2006;1290;15000;NA;NA;NA;"deblai-remblai";"partiel";NA;"partielle";"non";"ouest";"alca";"pente";"neige";NA;NA;NA;NA;NA;NA;"cours_eau";"trou qui souffle";100;"forte";"verts";NA;"<20K";"neige (AEP)";"<2006";"159 geve";NA;NA;NA;NA
"R11";"S1";2021-06-08;"evac";"non";8,36;237;17,5;10,06;121,8;NA;2021-06-08 13:30:00;"(150,300]";"(8.25,8.75]";NA;NA;NA;NA;NA;NA;NA;NA;NA;NA;NA;NA;NA;NA;NA;NA;NA;NA;NA;NA;NA;NA;NA;NA;NA;NA;NA;NA;NA;NA;NA;NA;NA;NA;NA;"C";"E";"E";"C";"E";"E";"D";"E";"D";"E";"E";"E";"E";"A";"E";"E";"E";"E";"E";"D";"D";">5";">20";"++";1;1;0,333333333333333;0;1,33333333333333;0,333333333333333;0,555555555555556;TRUE;FALSE;TRUE;FALSE;TRUE;FALSE;TRUE;TRUE;TRUE;"non";13;"<5beaufort";">75%";"oui";"oui";"oui";"oui";"non";"non";"oui";"oui";"38";2006;1290;15000;NA;NA;NA;"deblai-remblai";"partiel";NA;"partielle";"non";"ouest";"alca";"pente";"neige";NA;NA;NA;NA;NA;NA;"cours_eau";"trou qui souffle";100;"forte";"verts";NA;"<20K";"neige (AEP)";"<2006";"159 geve";13;159;120,94061;11,5282440232194
"R11";"S1";2021-06-08;"milieu";"non";8,34;236;17,5;9,84;119,2;NA;2021-06-08 13:20:00;"(150,300]";"(8.25,8.75]";NA;NA;NA;NA;NA;NA;NA;NA;NA;NA;NA;NA;NA;NA;NA;NA;NA;NA;NA;NA;NA;NA;NA;NA;NA;NA;NA;NA;NA;NA;NA;NA;NA;NA;NA;"C";"E";"E";"C";"E";"E";"D";"E";"D";"E";"E";"E";"E";"A";"E";"E";"E";"E";"E";"D";"D";">5";">20";"++";1;1;0,333333333333333;0;1,33333333333333;0,333333333333333;0,555555555555556;TRUE;FALSE;TRUE;FALSE;TRUE;FALSE;TRUE;TRUE;TRUE;"non";13;"<5beaufort";">75%";"oui";"oui";"oui";"oui";"non";"non";"oui";"oui";"38";2006;1290;15000;NA;NA;NA;"deblai-remblai";"partiel";NA;"partielle";"non";"ouest";"alca";"pente";"neige";NA;NA;NA;NA;NA;NA;"cours_eau";"trou qui souffle";100;"forte";"verts";NA;"<20K";"neige (AEP)";"<2006";"159 geve";13;159;118,34061;11,2804080443834
"R11";"S1";2021-06-08;"alim";"non";8,35;238;17,4;10,03;121,6;NA;2021-06-08 12:40:00;"(150,300]";"(8.25,8.75]";NA;NA;NA;NA;NA;NA;NA;NA;NA;NA;NA;NA;NA;NA;NA;NA;NA;NA;NA;NA;NA;NA;NA;NA;NA;NA;NA;NA;NA;NA;NA;NA;NA;NA;NA;"C";"E";"E";"C";"E";"E";"D";"E";"D";"E";"E";"E";"E";"A";"E";"E";"E";"E";"E";"D";"D";">5";">20";"++";1;1;0,333333333333333;0;1,33333333333333;0,333333333333333;0,555555555555556;TRUE;FALSE;TRUE;FALSE;TRUE;FALSE;TRUE;TRUE;TRUE;"non";13;"<5beaufort";">75%";"oui";"oui";"oui";"oui";"non";"non";"oui";"oui";"38";2006;1290;15000;NA;NA;NA;"deblai-remblai";"partiel";NA;"partielle";"non";"ouest";"alca";"pente";"neige";NA;NA;NA;NA;NA;NA;"cours_eau";"trou qui souffle";100;"forte";"verts";NA;"<20K";"neige (AEP)";"<2006";"159 geve";12;159;120,74061;11,5326486806892
"R11";"S1";2021-07-12;NA;NA;NA;NA;NA;NA;NA;NA;NA;NA;NA;"non";"non";"non";"non";NA;"non";0;"moyenne";95;0;1;0;1;1;3;NA;NA;NA;NA;NA;NA;NA;NA;NA;NA;NA;NA;NA;NA;NA;NA;NA;NA;NA;NA;NA;NA;NA;NA;NA;NA;NA;NA;NA;NA;NA;NA;NA;NA;NA;NA;NA;NA;NA;NA;NA;NA;NA;NA;NA;NA;NA;NA;NA;NA;NA;NA;NA;NA;NA;NA;NA;NA;NA;NA;NA;NA;NA;NA;"oui";"oui";"oui";"oui";"non";"non";"oui";"oui";"38";2006;1290;15000;NA;NA;NA;"deblai-remblai";"partiel";NA;"partielle";"non";"ouest";"alca";"pente";"neige";NA;NA;NA;NA;NA;NA;"cours_eau";"trou qui souffle";100;"forte";"verts";NA;"<20K";"neige (AEP)";"<2006";"194 geve";NA;NA;NA;NA
"R11";"S1";2021-07-13;"milieu";"oui";8,33;211;19,7;NA;NA;30;2021-07-13 12:07:00;"(150,300]";"(8.25,8.75]";NA;NA;NA;NA;NA;NA;NA;NA;NA;NA;NA;NA;NA;NA;NA;4;3;0,3;9,9;1,27;0;0;0;8;2021-07-13;"13/07/2021 16h30";"(2,Inf]";"(0.1,Inf]";"[0,0.02]";"(8.2,10]";"[0,0.03]";"[0,0.5]";"(2,3]";"(1,1.5]";0;"C";"D";"D";"B";"D";"E";"D";"E";"D";"E";"D";"E";"E";"E";"E";"E";"E";"E";"E";"E";"E";">5";">20";"++";1,33333333333333;1,75;0,333333333333333;0,333333333333333;0;0;0,222222222222222;TRUE;TRUE;TRUE;TRUE;TRUE;TRUE;FALSE;TRUE;TRUE;"pluie";13;">5beaufort";">75%";"oui";"oui";"oui";"oui";"non";"non";"oui";"oui";"38";2006;1290;15000;NA;NA;NA;"deblai-remblai";"partiel";NA;"partielle";"non";"ouest";"alca";"pente";"neige";NA;NA;NA;NA;NA;NA;"cours_eau";"trou qui souffle";100;"forte";"verts";NA;"<20K";"neige (AEP)";"<2006";"194 geve";12;194;NA;NA
"R12";"S2";2021-06-01;NA;NA;NA;NA;NA;NA;NA;NA;NA;NA;NA;"oui";"oui";"?";"oui";"oui";"oui";-150;"faible";75;1;1;1;1;0;2;NA;NA;NA;NA;NA;NA;NA;NA;NA;NA;NA;NA;NA;NA;NA;NA;NA;NA;NA;NA;NA;NA;NA;NA;NA;NA;NA;NA;NA;NA;NA;NA;NA;NA;NA;NA;NA;NA;NA;NA;NA;NA;NA;NA;NA;NA;NA;NA;NA;NA;NA;NA;NA;NA;NA;NA;NA;NA;NA;NA;NA;NA;NA;NA;"oui";"oui";"oui";"oui";"non";"oui";"oui";"non";"38";2011;1580;45000;NA;NA;NA;"deblai-remblai";"total";NA;"totale";"non";"sud-ouest";"crist";"bas_de_pente";"neige+peche+zen";NA;NA;NA;2021;0;NA;"cours_eau";NA;105;"moyenne";"verts";NA;"<50K";"multi-usages";">2006";"153 grenouillere";NA;NA;NA;NA
"R12";"S2";2021-06-02;"milieu";"non";8,62;267;15,6;10,92;131,7;NA;2021-06-02 14:40:00;"(150,300]";"(8.25,8.75]";NA;NA;NA;NA;NA;NA;NA;NA;NA;NA;NA;NA;NA;NA;NA;NA;NA;NA;NA;NA;NA;NA;NA;NA;NA;NA;NA;NA;NA;NA;NA;NA;NA;NA;NA;"C";"D";"E";"E";"D";"C";"A";"D";"D";"D";"E";"E";"E";"D";"E";"E";"D";"E";"E";"E";"E";">5";">20";"+";1,33333333333333;0,5;2,33333333333333;0,333333333333333;0,333333333333333;0;1;TRUE;FALSE;FALSE;TRUE;TRUE;TRUE;TRUE;TRUE;TRUE;"non";NA;"<5beaufort";">75%";"oui";"oui";"oui";"oui";"non";"oui";"oui";"non";"38";2011;1580;45000;NA;NA;NA;"deblai-remblai";"total";NA;"totale";"non";"sud-ouest";"crist";"bas_de_pente";"neige+peche+zen";NA;NA;NA;2021;0;NA;"cours_eau";NA;105;"moyenne";"verts";NA;"<50K";"multi-usages";">2006";"153 grenouillere";14;153;130,87222;12,9766842866638
"R12";"S2";2021-06-02;"alim";"non";8,2;319;10,3;9,8;106;NA;2021-06-02 14:20:00;"(300,Inf]";"(8,8.25]";NA;NA;NA;NA;NA;NA;NA;NA;NA;NA;NA;NA;NA;NA;NA;NA;NA;NA;NA;NA;NA;NA;NA;NA;NA;NA;NA;NA;NA;NA;NA;NA;NA;NA;NA;"C";"D";"E";"E";"D";"C";"A";"D";"D";"D";"E";"E";"E";"D";"E";"E";"D";"E";"E";"E";"E";">5";">20";"+";1,33333333333333;0,5;2,33333333333333;0,333333333333333;0,333333333333333;0;1;TRUE;FALSE;FALSE;TRUE;TRUE;TRUE;TRUE;TRUE;TRUE;"non";NA;"<5beaufort";">75%";"oui";"oui";"oui";"oui";"non";"oui";"oui";"non";"38";2011;1580;45000;NA;NA;NA;"deblai-remblai";"total";NA;"totale";"non";"sud-ouest";"crist";"bas_de_pente";"neige+peche+zen";NA;NA;NA;2021;0;NA;"cours_eau";NA;105;"moyenne";"verts";NA;"<50K";"multi-usages";">2006";"153 grenouillere";14;153;105,17222;11,7462373796376
"R12";"S2";2021-06-02;"evac";"non";8,5;267;16;11,06;135,6;NA;2021-06-02 15:00:00;"(150,300]";"(8.25,8.75]";NA;NA;NA;NA;NA;NA;NA;NA;NA;NA;NA;NA;NA;NA;NA;NA;NA;NA;NA;NA;NA;NA;NA;NA;NA;NA;NA;NA;NA;NA;NA;NA;NA;NA;NA;"C";"D";"E";"E";"D";"C";"A";"D";"D";"D";"E";"E";"E";"D";"E";"E";"D";"E";"E";"E";"E";">5";">20";"+";1,33333333333333;0,5;2,33333333333333;0,333333333333333;0,333333333333333;0;1;TRUE;FALSE;FALSE;TRUE;TRUE;TRUE;TRUE;TRUE;TRUE;"non";NA;"<5beaufort";">75%";"oui";"oui";"oui";"oui";"non";"oui";"oui";"non";"38";2011;1580;45000;NA;NA;NA;"deblai-remblai";"total";NA;"totale";"non";"sud-ouest";"crist";"bas_de_pente";"neige+peche+zen";NA;NA;NA;2021;0;NA;"cours_eau";NA;105;"moyenne";"verts";NA;"<50K";"multi-usages";">2006";"153 grenouillere";15;153;134,77222;13,2511871473971
"R12";"S2";2021-07-21;NA;NA;NA;NA;NA;NA;NA;NA;NA;NA;NA;"oui";"oui";"?";"anecdot";"oui";"oui";0;"faible";75;1;1;1;1;0;2;NA;NA;NA;NA;NA;NA;NA;NA;NA;NA;NA;NA;NA;NA;NA;NA;NA;NA;NA;NA;NA;NA;NA;NA;NA;NA;NA;NA;NA;NA;NA;NA;NA;NA;NA;NA;NA;NA;NA;NA;NA;NA;NA;NA;NA;NA;NA;NA;NA;NA;NA;NA;NA;NA;NA;NA;NA;NA;NA;NA;NA;NA;NA;NA;"oui";"oui";"oui";"oui";"non";"oui";"oui";"non";"38";2011;1580;45000;NA;NA;NA;"deblai-remblai";"total";NA;"totale";"non";"sud-ouest";"crist";"bas_de_pente";"neige+peche+zen";NA;NA;NA;2021;0;NA;"cours_eau";NA;105;"moyenne";"verts";NA;"<50K";"multi-usages";">2006";"203 grenouillere";NA;NA;NA;NA
"R12";"S2";2021-07-22;"milieu";"oui";8,49;246;18;NA;NA;22;2021-07-22 09:10:00;"(150,300]";"(8.25,8.75]";NA;NA;NA;NA;NA;NA;NA;NA;NA;NA;NA;NA;NA;NA;NA;5;5;0,4;10,8;4,41;0;3,8;0;8;2021-07-22;"22/07/2021 16h30";"(2,Inf]";"(0.1,Inf]";"[0,0.02]";"(10,Inf]";"[0,0.03]";"(2,Inf]";"(3,Inf]";"(3.5,Inf]";0,85972850678733;"C";"D";"D";"E";"E";"E";"A";"E";"E";"E";"E";"E";"E";"D";"E";"E";"E";"E";"E";"E";"E";">5";">20";"-";1,33333333333333;0,25;1,33333333333333;0;0,333333333333333;0;0,555555555555556;TRUE;TRUE;FALSE;FALSE;TRUE;FALSE;TRUE;TRUE;TRUE;"beau_temps";15;"<5beaufort";"<75%";"oui";"oui";"oui";"oui";"non";"oui";"oui";"non";"38";2011;1580;45000;NA;NA;NA;"deblai-remblai";"total";NA;"totale";"non";"sud-ouest";"crist";"bas_de_pente";"neige+peche+zen";NA;NA;NA;2021;0;NA;"cours_eau";NA;105;"moyenne";"verts";NA;"<50K";"multi-usages";">2006";"203 grenouillere";9;203;NA;NA
"R12";"S2";2021-07-22;"alim";"non";8,17;278;15,2;NA;NA;20;2021-07-22 09:00:00;"(150,300]";"(8,8.25]";NA;NA;NA;NA;NA;NA;NA;NA;NA;NA;NA;NA;NA;NA;NA;5;5;0,4;10,8;4,41;0;3,8;0;8;2021-07-22;"22/07/2021 16h30";"(2,Inf]";"(0.1,Inf]";"[0,0.02]";"(10,Inf]";"[0,0.03]";"(2,Inf]";"(3,Inf]";"(3.5,Inf]";0,85972850678733;"C";"D";"D";"E";"E";"E";"A";"E";"E";"E";"E";"E";"E";"D";"E";"E";"E";"E";"E";"E";"E";">5";">20";"-";1,33333333333333;0,25;1,33333333333333;0;0,333333333333333;0;0,555555555555556;TRUE;TRUE;FALSE;FALSE;TRUE;FALSE;TRUE;TRUE;TRUE;"beau_temps";15;"<5beaufort";"<75%";"oui";"oui";"oui";"oui";"non";"oui";"oui";"non";"38";2011;1580;45000;NA;NA;NA;"deblai-remblai";"total";NA;"totale";"non";"sud-ouest";"crist";"bas_de_pente";"neige+peche+zen";NA;NA;NA;2021;0;NA;"cours_eau";NA;105;"moyenne";"verts";NA;"<50K";"multi-usages";">2006";"203 grenouillere";9;203;NA;NA
"R12";"S2";2021-07-22;"evac";"non";8,39;241;19;NA;NA;15;2021-07-22 08:51:00;"(150,300]";"(8.25,8.75]";NA;NA;NA;NA;NA;NA;NA;NA;NA;NA;NA;NA;NA;NA;NA;5;5;0,4;10,8;4,41;0;3,8;0;8;2021-07-22;"22/07/2021 16h30";"(2,Inf]";"(0.1,Inf]";"[0,0.02]";"(10,Inf]";"[0,0.03]";"(2,Inf]";"(3,Inf]";"(3.5,Inf]";0,85972850678733;"C";"D";"D";"E";"E";"E";"A";"E";"E";"E";"E";"E";"E";"D";"E";"E";"E";"E";"E";"E";"E";">5";">20";"-";1,33333333333333;0,25;1,33333333333333;0;0,333333333333333;0;0,555555555555556;TRUE;TRUE;FALSE;FALSE;TRUE;FALSE;TRUE;TRUE;TRUE;"beau_temps";15;"<5beaufort";"<75%";"oui";"oui";"oui";"oui";"non";"oui";"oui";"non";"38";2011;1580;45000;NA;NA;NA;"deblai-remblai";"total";NA;"totale";"non";"sud-ouest";"crist";"bas_de_pente";"neige+peche+zen";NA;NA;NA;2021;0;NA;"cours_eau";NA;105;"moyenne";"verts";NA;"<50K";"multi-usages";">2006";"203 grenouillere";8;203;NA;NA
"R13";"S9";2021-07-06;NA;NA;NA;NA;NA;NA;NA;NA;NA;NA;NA;"non";"non";"non";"anecdot";"oui";"non";0;"haute";30;0;0;1;1;0;0;NA;NA;NA;NA;NA;NA;NA;NA;NA;NA;NA;NA;NA;NA;NA;NA;NA;NA;NA;NA;NA;NA;NA;NA;NA;NA;NA;NA;NA;NA;NA;NA;NA;NA;NA;NA;NA;NA;NA;NA;NA;NA;NA;NA;NA;NA;NA;NA;NA;NA;NA;NA;NA;NA;NA;NA;NA;NA;NA;NA;NA;NA;NA;NA;"oui";"non";"non";"non";"oui";"non";"oui";"non";"73";2004;2700;36000;NA;NA;NA;"retenue";"total";NA;"totale";"non";"nord-ouest";"alca";"pente";"neige";NA;NA;"filtr";NA;0;1;"cours_eau";NA;10;"forte";"polaires";NA;"<50K";"neige (AEP)";"<2006";"188 iseran";NA;NA;NA;NA
"R13";"S9";2021-07-07;"milieu";"non";7,57;111,9;5,1;9,08;97;35;2021-07-07 10:56:00;"(100,150]";"[0,7.75]";NA;NA;NA;NA;NA;NA;NA;NA;NA;NA;NA;NA;NA;NA;NA;0;0;0;4;0,84;0;0,6;0;5;2021-07-09;"09/07/2021 10h20";"[0,1]";"[0,0.1]";"[0,0.02]";"(3,5]";"[0,0.03]";"(0.5,1]";"[0,0.5]";"[0,1]";0,135746606334842;"D";"E";"E";"E";"E";"E";"E";"E";"E";"E";"E";"E";"E";"E";"E";"E";"E";"E";"E";"E";"E";"<5";"<20";"+";0,333333333333333;0,25;0;0;0;0;0;FALSE;FALSE;FALSE;FALSE;FALSE;FALSE;FALSE;FALSE;TRUE;"non";11;"<5beaufort";">75%";"oui";"non";"non";"non";"oui";"non";"oui";"non";"73";2004;2700;36000;NA;NA;NA;"retenue";"total";NA;"totale";"non";"nord-ouest";"alca";"pente";"neige";NA;NA;"filtr";NA;0;1;"cours_eau";NA;10;"forte";"polaires";NA;"<50K";"neige (AEP)";"<2006";"188 iseran";10;188;96,2943;12,2768680084377
"R13";"S9";2021-07-07;"alim";"oui";7,42;112,1;4,6;9,23;97;27;2021-07-07 10:41:00;"(100,150]";"[0,7.75]";NA;NA;NA;NA;NA;NA;NA;NA;NA;NA;NA;NA;NA;NA;NA;0;0;0;4;0,84;0;0,6;0;5;2021-07-09;"09/07/2021 10h20";"[0,1]";"[0,0.1]";"[0,0.02]";"(3,5]";"[0,0.03]";"(0.5,1]";"[0,0.5]";"[0,1]";0,135746606334842;"D";"E";"E";"E";"E";"E";"E";"E";"E";"E";"E";"E";"E";"E";"E";"E";"E";"E";"E";"E";"E";"<5";"<20";"+";0,333333333333333;0,25;0;0;0;0;0;FALSE;FALSE;FALSE;FALSE;FALSE;FALSE;FALSE;FALSE;TRUE;"non";11;"<5beaufort";">75%";"oui";"non";"non";"non";"oui";"non";"oui";"non";"73";2004;2700;36000;NA;NA;NA;"retenue";"total";NA;"totale";"non";"nord-ouest";"alca";"pente";"neige";NA;NA;"filtr";NA;0;1;"cours_eau";NA;10;"forte";"polaires";NA;"<50K";"neige (AEP)";"<2006";"188 iseran";10;188;96,2943;12,4462508451987
"R14";"S5";2021-06-14;NA;NA;NA;NA;NA;NA;NA;NA;NA;NA;NA;"non";"non";"non";"non";"partiel";"oui";-250;"moyenne";2,5;1;1;1;1;0;0;NA;NA;NA;NA;NA;NA;NA;NA;NA;NA;NA;NA;NA;NA;NA;NA;NA;NA;NA;NA;NA;NA;NA;NA;NA;NA;NA;NA;NA;NA;NA;NA;NA;NA;NA;NA;NA;NA;NA;NA;NA;NA;NA;NA;NA;NA;NA;NA;NA;NA;NA;NA;NA;NA;NA;NA;NA;NA;NA;NA;NA;NA;NA;NA;"oui";"non";"oui";"non";"oui";"non";"oui";"oui";"73";2018;2290;78000;12130;8,4;NA;"deblai-remblai";"total";NA;"non";"non";"nord";"crist";"pente";"neige";"oui";"avl+autreBV";NA;2021;NA;NA;"retenue";"Echauds 1";45;"moyenne";"froids";">8";"<100K";"neige (AEP)";">2006";"166 la_masse";NA;NA;NA;NA
"R14";"S5";2021-06-15;"evac";"oui";7,71;45,8;6,9;9,58;102,4;25;2021-06-15 15:00:00;"[0,100]";"[0,7.75]";NA;NA;NA;NA;NA;NA;NA;NA;NA;NA;NA;NA;NA;NA;NA;0;0;0;4,6;0,67;0;0,5;0;8;2021-06-17;"17/06/2021 09h00";"[0,1]";"[0,0.1]";"[0,0.02]";"(3,5]";"[0,0.03]";"[0,0.5]";"[0,0.5]";"[0,1]";0,113122171945701;"E";"E";"E";"C";"E";"E";"E";"E";"E";"E";"E";"E";"E";"E";"E";"E";"E";"E";"E";"E";"E";"<5";"<20";"-";0;0,5;0;0;0;0;0;TRUE;FALSE;TRUE;FALSE;FALSE;FALSE;FALSE;FALSE;FALSE;"non";21;"<5beaufort";">75%";"oui";"non";"oui";"non";"oui";"non";"oui";"oui";"73";2018;2290;78000;12130;8,4;NA;"deblai-remblai";"total";NA;"non";"non";"nord";"crist";"pente";"neige";"oui";"avl+autreBV";NA;2021;NA;NA;"retenue";"Echauds 1";45;"moyenne";"froids";">8";"<100K";"neige (AEP)";">2006";"166 la_masse";15;166;101,64961;12,354357503918
"R14";"S5";2021-06-15;"milieu";"non";7,89;44,4;7,2;9,39;101,9;22;2021-06-15 15:20:00;"[0,100]";"(7.75,8]";NA;NA;NA;NA;NA;NA;NA;NA;NA;NA;NA;NA;NA;NA;NA;0;0;0;4,6;0,67;0;0,5;0;8;2021-06-17;"17/06/2021 09h00";"[0,1]";"[0,0.1]";"[0,0.02]";"(3,5]";"[0,0.03]";"[0,0.5]";"[0,0.5]";"[0,1]";0,113122171945701;"E";"E";"E";"C";"E";"E";"E";"E";"E";"E";"E";"E";"E";"E";"E";"E";"E";"E";"E";"E";"E";"<5";"<20";"-";0;0,5;0;0;0;0;0;TRUE;FALSE;TRUE;FALSE;FALSE;FALSE;FALSE;FALSE;FALSE;"non";21;"<5beaufort";">75%";"oui";"non";"oui";"non";"oui";"non";"oui";"oui";"73";2018;2290;78000;12130;8,4;NA;"deblai-remblai";"total";NA;"non";"non";"nord";"crist";"pente";"neige";"oui";"avl+autreBV";NA;2021;NA;NA;"retenue";"Echauds 1";45;"moyenne";"froids";">8";"<100K";"neige (AEP)";">2006";"166 la_masse";15;166;101,14961;12,1986325489444
"R14";"S5";2021-06-15;"alim";"non";7,69;39,7;6,6;9,29;94,4;25;2021-06-15 14:50:00;"[0,100]";"[0,7.75]";NA;NA;NA;NA;NA;NA;NA;NA;NA;NA;NA;NA;NA;NA;NA;0;0;0;4,6;0,67;0;0,5;0;8;2021-06-17;"17/06/2021 09h00";"[0,1]";"[0,0.1]";"[0,0.02]";"(3,5]";"[0,0.03]";"[0,0.5]";"[0,0.5]";"[0,1]";0,113122171945701;"E";"E";"E";"C";"E";"E";"E";"E";"E";"E";"E";"E";"E";"E";"E";"E";"E";"E";"E";"E";"E";"<5";"<20";"-";0;0,5;0;0;0;0;0;TRUE;FALSE;TRUE;FALSE;FALSE;FALSE;FALSE;FALSE;FALSE;"non";21;"<5beaufort";">75%";"oui";"non";"oui";"non";"oui";"non";"oui";"oui";"73";2018;2290;78000;12130;8,4;NA;"deblai-remblai";"total";NA;"non";"non";"nord";"crist";"pente";"neige";"oui";"avl+autreBV";NA;2021;NA;NA;"retenue";"Echauds 1";45;"moyenne";"froids";">8";"<100K";"neige (AEP)";">2006";"166 la_masse";14;166;93,64961;11,4713425261768
"R15";"S10";2021-07-22;NA;NA;NA;NA;NA;NA;NA;NA;NA;NA;NA;"non";"non";"non";"anecdot";"oui";"oui";0;"faible";25;1;1;1;1;0;1;NA;NA;NA;NA;NA;NA;NA;NA;NA;NA;NA;NA;NA;NA;NA;NA;NA;NA;NA;NA;NA;NA;NA;NA;NA;NA;NA;NA;NA;NA;NA;NA;NA;NA;NA;NA;NA;NA;NA;NA;NA;NA;NA;NA;NA;NA;NA;NA;NA;NA;NA;NA;NA;NA;NA;NA;NA;NA;NA;NA;NA;NA;NA;NA;"oui";"oui";"non";"non";"non";"oui";"oui";"non";"73";2019;2370;12000;NA;5;"non classe";"deblai-remblai";"total";NA;"non";"non";"est";"mixte";"pente";"neige+AEP";"non";"avl+amt";"filtr";NA;NA;NA;"cours_eau+surplus_AEP";NA;35;"forte";"froids";"<=8";"<20K";"neige (AEP)";">2006";"204 lac_1";NA;NA;NA;NA
"R15";"S10";2021-07-23;"milieu";"oui";8,08;157,1;17,4;NA;NA;27;2021-07-23 13:08:00;"(150,300]";"(8,8.25]";NA;NA;NA;NA;NA;NA;NA;NA;NA;NA;NA;NA;NA;NA;NA;0;1;0;5,5;3,05;0;0,9;0;3;2021-07-23;"23/07/2021 15h45";"[0,1]";"[0,0.1]";"[0,0.02]";"(5,8.2]";"[0,0.03]";"(0.5,1]";"(0.5,1]";"(2.5,3.5]";0,203619909502262;"D";"E";"E";"E";"E";"E";"E";"E";"E";"E";"A";"E";"E";"D";"E";"E";"E";"E";"E";"E";"E";"<5";"<20";"-";0,333333333333333;0;0;1,33333333333333;0,333333333333333;0;0,555555555555556;FALSE;FALSE;FALSE;FALSE;FALSE;TRUE;TRUE;TRUE;TRUE;"beau_temps";22;"<5beaufort";"<75%";"oui";"oui";"non";"non";"non";"oui";"oui";"non";"73";2019;2370;12000;NA;5;"non classe";"deblai-remblai";"total";NA;"non";"non";"est";"mixte";"pente";"neige+AEP";"non";"avl+amt";"filtr";NA;NA;NA;"cours_eau+surplus_AEP";NA;35;"forte";"froids";"<=8";"<20K";"neige (AEP)";">2006";"204 lac_1";13;204;NA;NA
"R15";"S10";2021-07-23;"alim";"non";8,12;157,4;17,7;NA;NA;22;2021-07-23 13:03:00;"(150,300]";"(8,8.25]";NA;NA;NA;NA;NA;NA;NA;NA;NA;NA;NA;NA;NA;NA;NA;0;1;0;5,5;3,05;0;0,9;0;3;2021-07-23;"23/07/2021 15h45";"[0,1]";"[0,0.1]";"[0,0.02]";"(5,8.2]";"[0,0.03]";"(0.5,1]";"(0.5,1]";"(2.5,3.5]";0,203619909502262;"D";"E";"E";"E";"E";"E";"E";"E";"E";"E";"A";"E";"E";"D";"E";"E";"E";"E";"E";"E";"E";"<5";"<20";"-";0,333333333333333;0;0;1,33333333333333;0,333333333333333;0;0,555555555555556;FALSE;FALSE;FALSE;FALSE;FALSE;TRUE;TRUE;TRUE;TRUE;"beau_temps";22;"<5beaufort";"<75%";"oui";"oui";"non";"non";"non";"oui";"oui";"non";"73";2019;2370;12000;NA;5;"non classe";"deblai-remblai";"total";NA;"non";"non";"est";"mixte";"pente";"neige+AEP";"non";"avl+amt";"filtr";NA;NA;NA;"cours_eau+surplus_AEP";NA;35;"forte";"froids";"<=8";"<20K";"neige (AEP)";">2006";"204 lac_1";13;204;NA;NA
"R16";"S10";2021-07-22;NA;NA;NA;NA;NA;NA;NA;NA;NA;NA;NA;"non";"non";"non";"oui";"oui";"non";0;"moyenne";0;1;1;1;1;0;1;NA;NA;NA;NA;NA;NA;NA;NA;NA;NA;NA;NA;NA;NA;NA;NA;NA;NA;NA;NA;NA;NA;NA;NA;NA;NA;NA;NA;NA;NA;NA;NA;NA;NA;NA;NA;NA;NA;NA;NA;NA;NA;NA;NA;NA;NA;NA;NA;NA;NA;NA;NA;NA;NA;NA;NA;NA;NA;NA;NA;NA;NA;NA;NA;"oui";"oui";"oui";"non";"oui";"non";"oui";"non";"73";2019;2410;307000;33000;13;"Barrage C";"deblai-remblai";"total";NA;"totale";"non";"nord";"mixte";"pente";"neige+peche";"non";"avl+amt";"filtr";NA;NA;NA;"retenue";"lac_1";37;"moyenne";"froids";">8";">250K";"multi-usages";">2006";"204 lac_2";NA;NA;NA;NA
"R16";"S10";2021-07-23;"evac";"non";8,12;139,2;16;NA;NA;10;2021-07-23 12:30:00;"(100,150]";"(8,8.25]";NA;NA;NA;NA;NA;NA;NA;NA;NA;NA;NA;NA;NA;NA;NA;0;1;0;5,1;1,54;0;0,6;0;3;2021-07-23;"23/07/2021 15h45";"[0,1]";"[0,0.1]";"[0,0.02]";"(5,8.2]";"[0,0.03]";"(0.5,1]";"(0.5,1]";"(1.5,2.5]";0,135746606334842;"D";"E";"E";"E";"E";"E";"A";"E";"E";"E";"A";"E";"E";"D";"E";"E";"E";"E";"E";"E";"E";"<5";"<20";"-";0,333333333333333;0;1,33333333333333;1,33333333333333;0,333333333333333;0;1;FALSE;FALSE;FALSE;FALSE;TRUE;TRUE;TRUE;TRUE;TRUE;"beau_temps";21;"<5beaufort";"<75%";"oui";"oui";"oui";"non";"oui";"non";"oui";"non";"73";2019;2410;307000;33000;13;"Barrage C";"deblai-remblai";"total";NA;"totale";"non";"nord";"mixte";"pente";"neige+peche";"non";"avl+amt";"filtr";NA;NA;NA;"retenue";"lac_1";37;"moyenne";"froids";">8";">250K";"multi-usages";">2006";"204 lac_2";12;204;NA;NA
"R16";"S10";2021-07-23;"milieu";"non";8,1;140;16,5;NA;NA;10;2021-07-23 12:12:00;"(100,150]";"(8,8.25]";NA;NA;NA;NA;NA;NA;NA;NA;NA;NA;NA;NA;NA;NA;NA;0;1;0;5,1;1,54;0;0,6;0;3;2021-07-23;"23/07/2021 15h45";"[0,1]";"[0,0.1]";"[0,0.02]";"(5,8.2]";"[0,0.03]";"(0.5,1]";"(0.5,1]";"(1.5,2.5]";0,135746606334842;"D";"E";"E";"E";"E";"E";"A";"E";"E";"E";"A";"E";"E";"D";"E";"E";"E";"E";"E";"E";"E";"<5";"<20";"-";0,333333333333333;0;1,33333333333333;1,33333333333333;0,333333333333333;0;1;FALSE;FALSE;FALSE;FALSE;TRUE;TRUE;TRUE;TRUE;TRUE;"beau_temps";21;"<5beaufort";"<75%";"oui";"oui";"oui";"non";"oui";"non";"oui";"non";"73";2019;2410;307000;33000;13;"Barrage C";"deblai-remblai";"total";NA;"totale";"non";"nord";"mixte";"pente";"neige+peche";"non";"avl+amt";"filtr";NA;NA;NA;"retenue";"lac_1";37;"moyenne";"froids";">8";">250K";"multi-usages";">2006";"204 lac_2";12;204;NA;NA
"R16";"S10";2021-07-23;"milieu";"oui";8,15;140;15,9;NA;NA;20;2021-07-23 12:40:00;"(100,150]";"(8,8.25]";NA;NA;NA;NA;NA;NA;NA;NA;NA;NA;NA;NA;NA;NA;NA;0;1;0;5,1;1,54;0;0,6;0;3;2021-07-23;"23/07/2021 15h45";"[0,1]";"[0,0.1]";"[0,0.02]";"(5,8.2]";"[0,0.03]";"(0.5,1]";"(0.5,1]";"(1.5,2.5]";0,135746606334842;"D";"E";"E";"E";"E";"E";"A";"E";"E";"E";"A";"E";"E";"D";"E";"E";"E";"E";"E";"E";"E";"<5";"<20";"-";0,333333333333333;0;1,33333333333333;1,33333333333333;0,333333333333333;0;1;FALSE;FALSE;FALSE;FALSE;TRUE;TRUE;TRUE;TRUE;TRUE;"beau_temps";21;"<5beaufort";"<75%";"oui";"oui";"oui";"non";"oui";"non";"oui";"non";"73";2019;2410;307000;33000;13;"Barrage C";"deblai-remblai";"total";NA;"totale";"non";"nord";"mixte";"pente";"neige+peche";"non";"avl+amt";"filtr";NA;NA;NA;"retenue";"lac_1";37;"moyenne";"froids";">8";">250K";"multi-usages";">2006";"204 lac_2";12;204;NA;NA
"R17";"S2";2021-06-01;NA;NA;NA;NA;NA;NA;NA;NA;NA;NA;NA;"oui";"oui";"?";"anecdot";"partiel";"non";0;"faible";100;0;0;0;0;1;2;NA;NA;NA;NA;NA;NA;NA;NA;NA;NA;NA;NA;NA;NA;NA;NA;NA;NA;NA;NA;NA;NA;NA;NA;NA;NA;NA;NA;NA;NA;NA;NA;NA;NA;NA;NA;NA;NA;NA;NA;NA;NA;NA;NA;NA;NA;NA;NA;NA;NA;NA;NA;NA;NA;NA;NA;NA;NA;NA;NA;NA;NA;NA;NA;"oui";"oui";"oui";"oui";"oui";"non";"non";"non";"38";1993;1790;45000;NA;NA;NA;"deblai-remblai";"aucun";"oui";"totale";"totale";"nord-ouest";"crist";"bas_de_pente";"neige+peche+zen";"non";"avl";NA;NA;0;NA;"retenue";"Grenouillere";92;"forte";"verts";NA;"<50K";"multi-usages";"<2006";"153 lac_des_vallons";NA;NA;NA;NA
"R17";"S2";2021-06-02;"evac";"non";7,8;126,4;10,7;10,03;111,7;NA;2021-06-02 12:00:00;"(100,150]";"(7.75,8]";NA;NA;NA;NA;NA;NA;NA;NA;NA;NA;NA;NA;NA;NA;NA;NA;NA;NA;NA;NA;NA;NA;NA;NA;NA;NA;NA;NA;NA;NA;NA;NA;NA;NA;NA;"C";"E";"E";"E";"E";"D";"E";"E";"E";"A";"E";"A";"E";"B";"E";"E";"D";"E";"E";"E";"E";">5";">20";"-";1;0;0,333333333333333;2,66666666666667;1;0;1,33333333333333;FALSE;FALSE;FALSE;FALSE;TRUE;TRUE;TRUE;TRUE;TRUE;"pluie_faible";NA;"<5beaufort";">75%";"oui";"oui";"oui";"oui";"oui";"non";"non";"non";"38";1993;1790;45000;NA;NA;NA;"deblai-remblai";"aucun";"oui";"totale";"totale";"nord-ouest";"crist";"bas_de_pente";"neige+peche+zen";"non";"avl";NA;NA;0;NA;"retenue";"Grenouillere";92;"forte";"verts";NA;"<50K";"multi-usages";"<2006";"153 lac_des_vallons";12;153;110,89511;12,2683935935522
"R17";"S2";2021-06-02;"alim";"non";7,95;128,8;10,6;10,1;112;NA;2021-06-02 12:30:00;"(100,150]";"(7.75,8]";NA;NA;NA;NA;NA;NA;NA;NA;NA;NA;NA;NA;NA;NA;NA;NA;NA;NA;NA;NA;NA;NA;NA;NA;NA;NA;NA;NA;NA;NA;NA;NA;NA;NA;NA;"C";"E";"E";"E";"E";"D";"E";"E";"E";"A";"E";"A";"E";"B";"E";"E";"D";"E";"E";"E";"E";">5";">20";"-";1;0;0,333333333333333;2,66666666666667;1;0;1,33333333333333;FALSE;FALSE;FALSE;FALSE;TRUE;TRUE;TRUE;TRUE;TRUE;"pluie_faible";NA;"<5beaufort";">75%";"oui";"oui";"oui";"oui";"oui";"non";"non";"non";"38";1993;1790;45000;NA;NA;NA;"deblai-remblai";"aucun";"oui";"totale";"totale";"nord-ouest";"crist";"bas_de_pente";"neige+peche+zen";"non";"avl";NA;NA;0;NA;"retenue";"Grenouillere";92;"forte";"verts";NA;"<50K";"multi-usages";"<2006";"153 lac_des_vallons";12;153;111,19511;12,330705841643
"R17";"S2";2021-06-02;"milieu";"non";7,92;125,9;10,7;10;111,5;NA;2021-06-02 13:00:00;"(100,150]";"(7.75,8]";NA;NA;NA;NA;NA;NA;NA;NA;NA;NA;NA;NA;NA;NA;NA;NA;NA;NA;NA;NA;NA;NA;NA;NA;NA;NA;NA;NA;NA;NA;NA;NA;NA;NA;NA;"C";"E";"E";"E";"E";"D";"E";"E";"E";"A";"E";"A";"E";"B";"E";"E";"D";"E";"E";"E";"E";">5";">20";"-";1;0;0,333333333333333;2,66666666666667;1;0;1,33333333333333;FALSE;FALSE;FALSE;FALSE;TRUE;TRUE;TRUE;TRUE;TRUE;"pluie_faible";NA;"<5beaufort";">75%";"oui";"oui";"oui";"oui";"oui";"non";"non";"non";"38";1993;1790;45000;NA;NA;NA;"deblai-remblai";"aucun";"oui";"totale";"totale";"nord-ouest";"crist";"bas_de_pente";"neige+peche+zen";"non";"avl";NA;NA;0;NA;"retenue";"Grenouillere";92;"forte";"verts";NA;"<50K";"multi-usages";"<2006";"153 lac_des_vallons";13;153;110,69511;12,2462674716816
"R17";"S2";2021-07-21;NA;NA;NA;NA;NA;NA;NA;NA;NA;NA;NA;"oui";"oui";"?";"non";"partiel";"non";0;"moyenne";75;0;0;0;0;1;2;NA;NA;NA;NA;NA;NA;NA;NA;NA;NA;NA;NA;NA;NA;NA;NA;NA;NA;NA;NA;NA;NA;NA;NA;NA;NA;NA;NA;NA;NA;NA;NA;NA;NA;NA;NA;NA;NA;NA;NA;NA;NA;NA;NA;NA;NA;NA;NA;NA;NA;NA;NA;NA;NA;NA;NA;NA;NA;NA;NA;NA;NA;NA;NA;"oui";"oui";"oui";"oui";"oui";"non";"non";"non";"38";1993;1790;45000;NA;NA;NA;"deblai-remblai";"aucun";"oui";"totale";"totale";"nord-ouest";"crist";"bas_de_pente";"neige+peche+zen";"non";"avl";NA;NA;0;NA;"retenue";"Grenouillere";92;"forte";"verts";NA;"<50K";"multi-usages";"<2006";"203 lac_des_vallons";NA;NA;NA;NA
"R17";"S2";2021-07-22;"evac";"non";8,58;124,8;17,6;NA;NA;35;2021-07-22 11:27:00;"(100,150]";"(8.25,8.75]";NA;NA;NA;NA;NA;NA;NA;NA;NA;NA;NA;NA;NA;NA;NA;2;1;0,2;5,5;0,63;0;1,9;0;8;2021-07-22;"22/07/2021 16h30";"(1,2]";"(0.1,Inf]";"[0,0.02]";"(5,8.2]";"[0,0.03]";"(1,2]";"(0.5,1]";"[0,1]";0,429864253393665;"A";"E";"E";"E";"E";"E";"E";"E";"E";"E";"E";"A";"E";"A";"E";"E";"E";"E";"E";"E";"E";">5";">20";"-";1,66666666666667;0;0;1,33333333333333;1,33333333333333;0;0,888888888888889;FALSE;FALSE;FALSE;FALSE;FALSE;TRUE;TRUE;TRUE;TRUE;"beau_temps";21;"<5beaufort";"<75%";"oui";"oui";"oui";"oui";"oui";"non";"non";"non";"38";1993;1790;45000;NA;NA;NA;"deblai-remblai";"aucun";"oui";"totale";"totale";"nord-ouest";"crist";"bas_de_pente";"neige+peche+zen";"non";"avl";NA;NA;0;NA;"retenue";"Grenouillere";92;"forte";"verts";NA;"<50K";"multi-usages";"<2006";"203 lac_des_vallons";11;203;NA;NA
"R17";"S2";2021-07-22;"milieu";"oui";8,6;124,6;17,4;NA;NA;32;2021-07-22 10:56:00;"(100,150]";"(8.25,8.75]";NA;NA;NA;NA;NA;NA;NA;NA;NA;NA;NA;NA;NA;NA;NA;2;1;0,2;5,5;0,63;0;1,9;0;8;2021-07-22;"22/07/2021 16h30";"(1,2]";"(0.1,Inf]";"[0,0.02]";"(5,8.2]";"[0,0.03]";"(1,2]";"(0.5,1]";"[0,1]";0,429864253393665;"A";"E";"E";"E";"E";"E";"E";"E";"E";"E";"E";"A";"E";"A";"E";"E";"E";"E";"E";"E";"E";">5";">20";"-";1,66666666666667;0;0;1,33333333333333;1,33333333333333;0;0,888888888888889;FALSE;FALSE;FALSE;FALSE;FALSE;TRUE;TRUE;TRUE;TRUE;"beau_temps";21;"<5beaufort";"<75%";"oui";"oui";"oui";"oui";"oui";"non";"non";"non";"38";1993;1790;45000;NA;NA;NA;"deblai-remblai";"aucun";"oui";"totale";"totale";"nord-ouest";"crist";"bas_de_pente";"neige+peche+zen";"non";"avl";NA;NA;0;NA;"retenue";"Grenouillere";92;"forte";"verts";NA;"<50K";"multi-usages";"<2006";"203 lac_des_vallons";10;203;NA;NA
"R17";"S2";2021-07-22;"milieu";"non";8,53;124,9;17,3;NA;NA;32;2021-07-22 11:18:00;"(100,150]";"(8.25,8.75]";NA;NA;NA;NA;NA;NA;NA;NA;NA;NA;NA;NA;NA;NA;NA;2;1;0,2;5,5;0,63;0;1,9;0;8;2021-07-22;"22/07/2021 16h30";"(1,2]";"(0.1,Inf]";"[0,0.02]";"(5,8.2]";"[0,0.03]";"(1,2]";"(0.5,1]";"[0,1]";0,429864253393665;"A";"E";"E";"E";"E";"E";"E";"E";"E";"E";"E";"A";"E";"A";"E";"E";"E";"E";"E";"E";"E";">5";">20";"-";1,66666666666667;0;0;1,33333333333333;1,33333333333333;0;0,888888888888889;FALSE;FALSE;FALSE;FALSE;FALSE;TRUE;TRUE;TRUE;TRUE;"beau_temps";21;"<5beaufort";"<75%";"oui";"oui";"oui";"oui";"oui";"non";"non";"non";"38";1993;1790;45000;NA;NA;NA;"deblai-remblai";"aucun";"oui";"totale";"totale";"nord-ouest";"crist";"bas_de_pente";"neige+peche+zen";"non";"avl";NA;NA;0;NA;"retenue";"Grenouillere";92;"forte";"verts";NA;"<50K";"multi-usages";"<2006";"203 lac_des_vallons";11;203;NA;NA
"R18";"S11";2021-06-07;NA;NA;NA;NA;NA;NA;NA;NA;NA;NA;NA;"non";"oui";"oui";"anecdot";"non";"non";20;"haute";80;1;1;1;1;0;3;NA;NA;NA;NA;NA;NA;NA;NA;NA;NA;NA;NA;NA;NA;NA;NA;NA;NA;NA;NA;NA;NA;NA;NA;NA;NA;NA;NA;NA;NA;NA;NA;NA;NA;NA;NA;NA;NA;NA;NA;NA;NA;NA;NA;NA;NA;NA;NA;NA;NA;NA;NA;NA;NA;NA;NA;NA;NA;NA;NA;NA;NA;NA;NA;"oui";"non";"oui";"oui";"non";"oui";"oui";"oui";"38";1998;1520;73000;10000;8;"non classe";"deblai";"partiel";NA;"non";"non";"nord";"alca";"plat";"neige+peche+zen+pastoralisme";"oui";NA;NA;2005;15;1,5;"AEP";NA;171;"douce";"verts";"<=8";"<100K";"multi-usages";"<2006";"159 le_pre";NA;NA;NA;NA
"R18";"S11";2021-06-08;"milieu";"non";8,35;216,2;14,6;8,96;105,1;NA;2021-06-08 10:00:00;"(150,300]";"(8.25,8.75]";NA;NA;NA;NA;NA;NA;NA;NA;NA;NA;NA;NA;NA;NA;NA;NA;NA;NA;NA;NA;NA;NA;NA;NA;NA;NA;NA;NA;NA;NA;NA;NA;NA;NA;NA;"B";"C";"E";"E";"E";"E";"B";"E";"E";"E";"E";"E";"E";"E";"E";"E";"E";"E";"E";"E";"E";">5";">20";"-";2;0;1;0;0;0;0,333333333333333;FALSE;FALSE;FALSE;FALSE;TRUE;FALSE;FALSE;TRUE;TRUE;"non";10;"<5beaufort";"brouillard";"oui";"non";"oui";"oui";"non";"oui";"oui";"oui";"38";1998;1520;73000;10000;8;"non classe";"deblai";"partiel";NA;"non";"non";"nord";"alca";"plat";"neige+peche+zen+pastoralisme";"oui";NA;NA;2005;15;1,5;"AEP";NA;171;"douce";"verts";"<=8";"<100K";"multi-usages";"<2006";"159 le_pre";10;159;104,26568;10,5620863254325
"R18";"S11";2021-06-08;"milieu";"non";8,4;215,1;14,4;9,38;109,5;NA;2021-06-08 10:10:00;"(150,300]";"(8.25,8.75]";NA;NA;NA;NA;NA;NA;NA;NA;NA;NA;NA;NA;NA;NA;NA;NA;NA;NA;NA;NA;NA;NA;NA;NA;NA;NA;NA;NA;NA;NA;NA;NA;NA;NA;NA;"B";"C";"E";"E";"E";"E";"B";"E";"E";"E";"E";"E";"E";"E";"E";"E";"E";"E";"E";"E";"E";">5";">20";"-";2;0;1;0;0;0;0,333333333333333;FALSE;FALSE;FALSE;FALSE;TRUE;FALSE;FALSE;TRUE;TRUE;"non";10;"<5beaufort";"brouillard";"oui";"non";"oui";"oui";"non";"oui";"oui";"oui";"38";1998;1520;73000;10000;8;"non classe";"deblai";"partiel";NA;"non";"non";"nord";"alca";"plat";"neige+peche+zen+pastoralisme";"oui";NA;NA;2005;15;1,5;"AEP";NA;171;"douce";"verts";"<=8";"<100K";"multi-usages";"<2006";"159 le_pre";10;159;108,66568;11,055623624848
"R18";"S11";2021-06-08;"milieu";"non";8,46;219;14,4;9,2;107,2;NA;2021-06-08 10:20:00;"(150,300]";"(8.25,8.75]";NA;NA;NA;NA;NA;NA;NA;NA;NA;NA;NA;NA;NA;NA;NA;NA;NA;NA;NA;NA;NA;NA;NA;NA;NA;NA;NA;NA;NA;NA;NA;NA;NA;NA;NA;"B";"C";"E";"E";"E";"E";"B";"E";"E";"E";"E";"E";"E";"E";"E";"E";"E";"E";"E";"E";"E";">5";">20";"-";2;0;1;0;0;0;0,333333333333333;FALSE;FALSE;FALSE;FALSE;TRUE;FALSE;FALSE;TRUE;TRUE;"non";10;"<5beaufort";"brouillard";"oui";"non";"oui";"oui";"non";"oui";"oui";"oui";"38";1998;1520;73000;10000;8;"non classe";"deblai";"partiel";NA;"non";"non";"nord";"alca";"plat";"neige+peche+zen+pastoralisme";"oui";NA;NA;2005;15;1,5;"AEP";NA;171;"douce";"verts";"<=8";"<100K";"multi-usages";"<2006";"159 le_pre";10;159;106,36568;10,8216221044309
"R18";"S11";2021-07-12;NA;NA;NA;NA;NA;NA;NA;NA;NA;NA;NA;"non";"oui";"oui";"anecdot";"non";"non";20;"haute";80;1;1;1;1;0;3;NA;NA;NA;NA;NA;NA;NA;NA;NA;NA;NA;NA;NA;NA;NA;NA;NA;NA;NA;NA;NA;NA;NA;NA;NA;NA;NA;NA;NA;NA;NA;NA;NA;NA;NA;NA;NA;NA;NA;NA;NA;NA;NA;NA;NA;NA;NA;NA;NA;NA;NA;NA;NA;NA;NA;NA;NA;NA;NA;NA;NA;NA;NA;NA;"oui";"non";"oui";"oui";"non";"oui";"oui";"oui";"38";1998;1520;73000;10000;8;"non classe";"deblai";"partiel";NA;"non";"non";"nord";"alca";"plat";"neige+peche+zen+pastoralisme";"oui";NA;NA;2005;15;1,5;"AEP";NA;171;"douce";"verts";"<=8";"<100K";"multi-usages";"<2006";"194 le_pre";NA;NA;NA;NA
"R18";"S11";2021-07-13;"milieu";"oui";8,24;195,1;17,4;NA;NA;12;2021-07-13 10:26:00;"(150,300]";"(8,8.25]";NA;NA;NA;NA;NA;NA;NA;NA;NA;NA;NA;NA;NA;NA;NA;2;1;0,2;10,1;1,51;0;0;0;8;2021-07-13;"13/07/2021 16h30";"(1,2]";"(0.1,Inf]";"[0,0.02]";"(10,Inf]";"[0,0.03]";"[0,0.5]";"(0.5,1]";"(1.5,2.5]";0;NA;NA;NA;NA;NA;NA;NA;NA;NA;NA;NA;NA;NA;NA;NA;NA;NA;NA;NA;NA;NA;NA;NA;NA;NA;NA;NA;NA;NA;NA;NA;NA;NA;NA;NA;NA;NA;NA;NA;NA;NA;NA;NA;NA;"oui";"non";"oui";"oui";"non";"oui";"oui";"oui";"38";1998;1520;73000;10000;8;"non classe";"deblai";"partiel";NA;"non";"non";"nord";"alca";"plat";"neige+peche+zen+pastoralisme";"oui";NA;NA;2005;15;1,5;"AEP";NA;171;"douce";"verts";"<=8";"<100K";"multi-usages";"<2006";"194 le_pre";10;194;NA;NA
"R27";"S12";2021-08-04;NA;NA;NA;NA;NA;NA;NA;NA;NA;NA;NA;"non";"non";"non";"non";NA;"non";-110;"haute";50;1;0;0;0;0;3;NA;NA;NA;NA;NA;NA;NA;NA;NA;NA;NA;NA;NA;NA;NA;NA;NA;NA;NA;NA;NA;NA;NA;NA;NA;NA;NA;NA;NA;NA;NA;NA;NA;NA;NA;NA;NA;NA;NA;NA;NA;NA;NA;NA;NA;NA;NA;NA;NA;NA;NA;NA;NA;NA;NA;NA;NA;NA;NA;NA;NA;NA;NA;NA;"oui";"non";"non";"oui";"oui";"non";"oui";"oui";"73";2002;2120;20000;4000;8;"non classe";"deblai-remblai";"aucun";NA;"totale";"totale";"est";"calc";"pente";"neige";"non";"amt";NA;NA;NA;NA;"surplus AEP";"captage lovatiere";1;"forte";"pelouses";"<=8";"<20K";"neige (AEP)";"<2006";"217 lovatiere";NA;NA;NA;NA
"R27";"S12";2021-08-05;"evac";"non";8,26;207,8;15,1;NA;NA;27;2021-08-05 10:06:00;"(150,300]";"(8.25,8.75]";NA;NA;NA;NA;NA;NA;NA;NA;NA;NA;NA;NA;NA;NA;NA;2;1;0,2;11,5;0,46;0;0;0;6;2021-08-05;"05/08/2021 16h35";"(1,2]";"(0.1,Inf]";"[0,0.02]";"(10,Inf]";"[0,0.03]";"[0,0.5]";"(0.5,1]";"[0,1]";0;"A";"E";"E";"E";"E";"E";"E";"E";"E";"E";"B";"E";"E";"E";"E";"E";"E";"E";"E";"E";"E";">5";">20";"-";1,66666666666667;0;0;1;0;0;0,333333333333333;FALSE;FALSE;FALSE;FALSE;FALSE;TRUE;FALSE;TRUE;TRUE;"non";12;"<5beaufort";"<75%";"oui";"non";"non";"oui";"oui";"non";"oui";"oui";"73";2002;2120;20000;4000;8;"non classe";"deblai-remblai";"aucun";NA;"totale";"totale";"est";"calc";"pente";"neige";"non";"amt";NA;NA;NA;NA;"surplus AEP";"captage lovatiere";1;"forte";"pelouses";"<=8";"<20K";"neige (AEP)";"<2006";"217 lovatiere";10;217;NA;NA
"R27";"S12";2021-08-05;"alim";"oui";8,49;207,2;15,4;NA;NA;27;2021-08-05 10:00:00;"(150,300]";"(8.25,8.75]";NA;NA;NA;NA;NA;NA;NA;NA;NA;NA;NA;NA;NA;NA;NA;2;1;0,2;11,5;0,46;0;0;0;6;2021-08-05;"05/08/2021 16h35";"(1,2]";"(0.1,Inf]";"[0,0.02]";"(10,Inf]";"[0,0.03]";"[0,0.5]";"(0.5,1]";"[0,1]";0;"A";"E";"E";"E";"E";"E";"E";"E";"E";"E";"B";"E";"E";"E";"E";"E";"E";"E";"E";"E";"E";">5";">20";"-";1,66666666666667;0;0;1;0;0;0,333333333333333;FALSE;FALSE;FALSE;FALSE;FALSE;TRUE;FALSE;TRUE;TRUE;"non";12;"<5beaufort";"<75%";"oui";"non";"non";"oui";"oui";"non";"oui";"oui";"73";2002;2120;20000;4000;8;"non classe";"deblai-remblai";"aucun";NA;"totale";"totale";"est";"calc";"pente";"neige";"non";"amt";NA;NA;NA;NA;"surplus AEP";"captage lovatiere";1;"forte";"pelouses";"<=8";"<20K";"neige (AEP)";"<2006";"217 lovatiere";10;217;NA;NA
"R19";"S11";2021-07-12;NA;NA;NA;NA;NA;NA;NA;NA;NA;NA;NA;"non";"oui";"oui";"oui";NA;"non";0;"haute";70;1;1;1;0;0;1;NA;NA;NA;NA;NA;NA;NA;NA;NA;NA;NA;NA;NA;NA;NA;NA;NA;NA;NA;NA;NA;NA;NA;NA;NA;NA;NA;NA;NA;NA;NA;NA;NA;NA;NA;NA;NA;NA;NA;NA;NA;NA;NA;NA;NA;NA;NA;NA;NA;NA;NA;NA;NA;NA;NA;NA;NA;NA;NA;NA;NA;NA;NA;NA;"oui";"oui";"non";"non";"oui";"non";"oui";"non";"38";2003;2000;120000;NA;12;"non classe";"deblai";"partiel";NA;"non";"non";"nord-ouest";"alca";"creux";"neige+peche+zen";"oui";NA;NA;2018;15;1;"AEP";NA;99;"forte";"verts";">8";"<250K";"multi-usages";"<2006";"194 moucherolle";NA;NA;NA;NA
"R19";"S11";2021-07-13;"alim";"oui";8,45;196,1;13,6;8,53;101,5;12;2021-07-13 09:30:00;"(150,300]";"(8.25,8.75]";NA;NA;NA;NA;NA;NA;NA;NA;NA;NA;NA;NA;NA;NA;NA;2;2;0,2;10,5;0,8;0;0;0;8;2021-07-13;"13/07/2021 16h30";"(1,2]";"(0.1,Inf]";"[0,0.02]";"(10,Inf]";"[0,0.03]";"[0,0.5]";"(1,2]";"[0,1]";0;"B";"E";"E";"E";"E";"E";"E";"E";"E";"E";"E";"E";"E";"E";"E";"E";"E";"E";"E";"E";"E";">5";">20";"-";1,33333333333333;0;0;0;0;0;0;FALSE;FALSE;FALSE;FALSE;FALSE;FALSE;FALSE;FALSE;TRUE;"pluie_forte";10;">5beaufort";"brouillard";"oui";"oui";"non";"non";"oui";"non";"oui";"non";"38";2003;2000;120000;NA;12;"non classe";"deblai";"partiel";NA;"non";"non";"nord-ouest";"alca";"creux";"neige+peche+zen";"oui";NA;NA;2018;15;1;"AEP";NA;99;"forte";"verts";">8";"<250K";"multi-usages";"<2006";"194 moucherolle";9;194;100,718;10,4282312953139
"R19";"S11";2021-07-13;"milieu";"non";8,49;197;13,5;8,58;102,5;27;2021-07-13 09:47:00;"(150,300]";"(8.25,8.75]";NA;NA;NA;NA;NA;NA;NA;NA;NA;NA;NA;NA;NA;NA;NA;2;2;0,2;10,5;0,8;0;0;0;8;2021-07-13;"13/07/2021 16h30";"(1,2]";"(0.1,Inf]";"[0,0.02]";"(10,Inf]";"[0,0.03]";"[0,0.5]";"(1,2]";"[0,1]";0;"B";"E";"E";"E";"E";"E";"E";"E";"E";"E";"E";"E";"E";"E";"E";"E";"E";"E";"E";"E";"E";">5";">20";"-";1,33333333333333;0;0;0;0;0;0;FALSE;FALSE;FALSE;FALSE;FALSE;FALSE;FALSE;FALSE;TRUE;"pluie_forte";10;">5beaufort";"brouillard";"oui";"oui";"non";"non";"oui";"non";"oui";"non";"38";2003;2000;120000;NA;12;"non classe";"deblai";"partiel";NA;"non";"non";"nord-ouest";"alca";"creux";"neige+peche+zen";"oui";NA;NA;2018;15;1;"AEP";NA;99;"forte";"verts";">8";"<250K";"multi-usages";"<2006";"194 moucherolle";9;194;101,718;10,5551015463004
"R20";"S10";2021-07-22;NA;NA;NA;NA;NA;NA;NA;NA;NA;NA;NA;"non";"oui";"oui";"non";NA;"non";0;"haute";10;1;1;1;0;0;1;NA;NA;NA;NA;NA;NA;NA;NA;NA;NA;NA;NA;NA;NA;NA;NA;NA;NA;NA;NA;NA;NA;NA;NA;NA;NA;NA;NA;NA;NA;NA;NA;NA;NA;NA;NA;NA;NA;NA;NA;NA;NA;NA;NA;NA;NA;NA;NA;NA;NA;NA;NA;NA;NA;NA;NA;NA;NA;NA;NA;NA;NA;NA;NA;"oui";"oui";"non";"non";"oui";"non";"oui";"non";"73";2009;2460;107000;20000;8;"Barrage C";"deblai-remblai";"total";NA;"totale";"non";"nord";"mixte";"butte";"neige+peche+AEP+pastoralisme";"non";"avl+amt";"filtr";NA;NA;1,2;"retenue";"lac_1";30;"moyenne";"froids";"<=8";"<250K";"multi-usages";">2006";"204 moutiere";NA;NA;NA;NA
"R20";"S10";2021-07-23;"evac";"non";8,38;116,4;14,7;NA;NA;10;2021-07-23 11:45:00;"(100,150]";"(8.25,8.75]";NA;NA;NA;NA;NA;NA;NA;NA;NA;NA;NA;NA;NA;NA;NA;0;1;0;4,2;0,39;0;0;0;3;2021-07-23;"23/07/2021 15h45";"[0,1]";"[0,0.1]";"[0,0.02]";"(3,5]";"[0,0.03]";"[0,0.5]";"(0.5,1]";"[0,1]";0;"A";"E";"A";"B";"E";"E";"E";"E";"E";"E";"E";"E";"E";"D";"E";"E";"E";"E";"E";"E";"E";">5";">20";"-";1,66666666666667;1,75;0;0;0,333333333333333;0;0,111111111111111;TRUE;TRUE;TRUE;FALSE;FALSE;FALSE;TRUE;TRUE;TRUE;"beau_temps";20;"<5beaufort";"<75%";"oui";"oui";"non";"non";"oui";"non";"oui";"non";"73";2009;2460;107000;20000;8;"Barrage C";"deblai-remblai";"total";NA;"totale";"non";"nord";"mixte";"butte";"neige+peche+AEP+pastoralisme";"non";"avl+amt";"filtr";NA;NA;1,2;"retenue";"lac_1";30;"moyenne";"froids";"<=8";"<250K";"multi-usages";">2006";"204 moutiere";11;204;NA;NA
"R20";"S10";2021-07-23;"milieu";"oui";8,2;114,5;14,7;NA;NA;17;2021-07-23 11:20:00;"(100,150]";"(8,8.25]";NA;NA;NA;NA;NA;NA;NA;NA;NA;NA;NA;NA;NA;NA;NA;0;1;0;4,2;0,39;0;0;0;3;2021-07-23;"23/07/2021 15h45";"[0,1]";"[0,0.1]";"[0,0.02]";"(3,5]";"[0,0.03]";"[0,0.5]";"(0.5,1]";"[0,1]";0;"A";"E";"A";"B";"E";"E";"E";"E";"E";"E";"E";"E";"E";"D";"E";"E";"E";"E";"E";"E";"E";">5";">20";"-";1,66666666666667;1,75;0;0;0,333333333333333;0;0,111111111111111;TRUE;TRUE;TRUE;FALSE;FALSE;FALSE;TRUE;TRUE;TRUE;"beau_temps";20;"<5beaufort";"<75%";"oui";"oui";"non";"non";"oui";"non";"oui";"non";"73";2009;2460;107000;20000;8;"Barrage C";"deblai-remblai";"total";NA;"totale";"non";"nord";"mixte";"butte";"neige+peche+AEP+pastoralisme";"non";"avl+amt";"filtr";NA;NA;1,2;"retenue";"lac_1";30;"moyenne";"froids";"<=8";"<250K";"multi-usages";">2006";"204 moutiere";11;204;NA;NA
"R20";"S10";2021-07-23;"alim";"non";8,4;116,5;14,6;NA;NA;20;2021-07-23 11:33:00;"(100,150]";"(8.25,8.75]";NA;NA;NA;NA;NA;NA;NA;NA;NA;NA;NA;NA;NA;NA;NA;0;1;0;4,2;0,39;0;0;0;3;2021-07-23;"23/07/2021 15h45";"[0,1]";"[0,0.1]";"[0,0.02]";"(3,5]";"[0,0.03]";"[0,0.5]";"(0.5,1]";"[0,1]";0;"A";"E";"A";"B";"E";"E";"E";"E";"E";"E";"E";"E";"E";"D";"E";"E";"E";"E";"E";"E";"E";">5";">20";"-";1,66666666666667;1,75;0;0;0,333333333333333;0;0,111111111111111;TRUE;TRUE;TRUE;FALSE;FALSE;FALSE;TRUE;TRUE;TRUE;"beau_temps";20;"<5beaufort";"<75%";"oui";"oui";"non";"non";"oui";"non";"oui";"non";"73";2009;2460;107000;20000;8;"Barrage C";"deblai-remblai";"total";NA;"totale";"non";"nord";"mixte";"butte";"neige+peche+AEP+pastoralisme";"non";"avl+amt";"filtr";NA;NA;1,2;"retenue";"lac_1";30;"moyenne";"froids";"<=8";"<250K";"multi-usages";">2006";"204 moutiere";11;204;NA;NA
"R28";"S12";2021-08-04;NA;NA;NA;NA;NA;NA;NA;NA;NA;NA;NA;"oui";"non";"non";"non";NA;"non";0;"moyenne";100;1;1;1;0;0;1;NA;NA;NA;NA;NA;NA;NA;NA;NA;NA;NA;NA;NA;NA;NA;NA;NA;NA;NA;NA;NA;NA;NA;NA;NA;NA;NA;NA;NA;NA;NA;NA;NA;NA;NA;NA;NA;NA;NA;NA;NA;NA;NA;NA;NA;NA;NA;NA;NA;NA;NA;NA;NA;NA;NA;NA;NA;NA;NA;NA;NA;NA;NA;NA;"oui";"oui";"oui";"oui";"oui";"non";"oui";"non";"73";2007;2100;47000;9800;9;"non classe";"deblai-remblai";"partiel";NA;"totale";"totale";"nord-est";"crist";"pente";"neige+zen";"non";NA;NA;NA;NA;NA;"cours_eau+surplus_AEP";NA;44;"moyenne";"pelouses";">8";"<50K";"multi-usages";">2006";"217 pierres_blanches";NA;NA;NA;NA
"R28";"S12";2021-08-05;"evac";"non";9,07;143,5;15,8;NA;NA;22;2021-08-05 11:58:00;"(100,150]";"(8.75,Inf]";NA;NA;NA;NA;NA;NA;NA;NA;NA;NA;NA;NA;NA;NA;NA;8;6;0,7;7,7;0,83;0;0;0;6;2021-08-05;"05/08/2021 16h35";"(2,Inf]";"(0.1,Inf]";"[0,0.02]";"(5,8.2]";"[0,0.03]";"[0,0.5]";"(3,Inf]";"[0,1]";0;"A";"E";"C";"A";"C";"E";"E";"E";"E";"D";"D";"E";"E";"E";"E";"E";"E";"E";"E";"E";"E";">5";">20";"++++";1,66666666666667;3;0;0,666666666666667;0;0;0,222222222222222;TRUE;TRUE;TRUE;TRUE;FALSE;TRUE;FALSE;TRUE;TRUE;"non";11;"<5beaufort";">75%";"oui";"oui";"oui";"oui";"oui";"non";"oui";"non";"73";2007;2100;47000;9800;9;"non classe";"deblai-remblai";"partiel";NA;"totale";"totale";"nord-est";"crist";"pente";"neige+zen";"non";NA;NA;NA;NA;NA;"cours_eau+surplus_AEP";NA;44;"moyenne";"pelouses";">8";"<50K";"multi-usages";">2006";"217 pierres_blanches";11;217;NA;NA
"R28";"S12";2021-08-05;"alim";"oui";9,02;143,4;15,7;NA;NA;22;2021-08-05 11:43:00;"(100,150]";"(8.75,Inf]";NA;NA;NA;NA;NA;NA;NA;NA;NA;NA;NA;NA;NA;NA;NA;8;6;0,7;7,7;0,83;0;0;0;6;2021-08-05;"05/08/2021 16h35";"(2,Inf]";"(0.1,Inf]";"[0,0.02]";"(5,8.2]";"[0,0.03]";"[0,0.5]";"(3,Inf]";"[0,1]";0;"A";"E";"C";"A";"C";"E";"E";"E";"E";"D";"D";"E";"E";"E";"E";"E";"E";"E";"E";"E";"E";">5";">20";"++++";1,66666666666667;3;0;0,666666666666667;0;0;0,222222222222222;TRUE;TRUE;TRUE;TRUE;FALSE;TRUE;FALSE;TRUE;TRUE;"non";11;"<5beaufort";">75%";"oui";"oui";"oui";"oui";"oui";"non";"oui";"non";"73";2007;2100;47000;9800;9;"non classe";"deblai-remblai";"partiel";NA;"totale";"totale";"nord-est";"crist";"pente";"neige+zen";"non";NA;NA;NA;NA;NA;"cours_eau+surplus_AEP";NA;44;"moyenne";"pelouses";">8";"<50K";"multi-usages";">2006";"217 pierres_blanches";11;217;NA;NA
"R29";"S12";2021-08-04;NA;NA;NA;NA;NA;NA;NA;NA;NA;NA;NA;"non";"non";"non";"non";NA;"oui";0;"haute";100;1;1;1;1;0;1;NA;NA;NA;NA;NA;NA;NA;NA;NA;NA;NA;NA;NA;NA;NA;NA;NA;NA;NA;NA;NA;NA;NA;NA;NA;NA;NA;NA;NA;NA;NA;NA;NA;NA;NA;NA;NA;NA;NA;NA;NA;NA;NA;NA;NA;NA;NA;NA;NA;NA;NA;NA;NA;NA;NA;NA;NA;NA;NA;NA;NA;NA;NA;NA;"oui";"oui";"non";"oui";"non";"oui";"oui";"oui";"73";1999;1960;59000;7300;11;"non classe";"deblai-remblai";"partiel";NA;"totale";"totale";"ouest";"calc";"plat";"neige+zen";"non";"avl+amt";NA;NA;NA;NA;"cours_eau+surplus_AEP";"captage mont jouvet et ruisseau frasses";4;"forte";"verts";">8";"<100K";"multi-usages";"<2006";"217 prajourdan";NA;NA;NA;NA
"R29";"S12";2021-08-05;"evac";"oui";8,14;1175;17,2;NA;NA;25;2021-08-05 09:11:00;"(300,Inf]";"(8,8.25]";NA;NA;NA;NA;NA;NA;NA;NA;NA;NA;NA;NA;NA;NA;NA;0;1;0;10,5;0,67;0;0,6;0;6;2021-08-05;"05/08/2021 16h35";"[0,1]";"[0,0.1]";"[0,0.02]";"(10,Inf]";"[0,0.03]";"(0.5,1]";"(0.5,1]";"[0,1]";0,135746606334842;"C";"E";"B";"E";"E";"E";"A";"E";"E";"E";"E";"E";"E";"E";"E";"E";"E";"E";"E";"E";"E";">5";">20";"-";1;0,75;1,33333333333333;0;0;0;0,444444444444444;TRUE;TRUE;FALSE;FALSE;TRUE;FALSE;FALSE;TRUE;TRUE;"non";11;"<5beaufort";"<75%";"oui";"oui";"non";"oui";"non";"oui";"oui";"oui";"73";1999;1960;59000;7300;11;"non classe";"deblai-remblai";"partiel";NA;"totale";"totale";"ouest";"calc";"plat";"neige+zen";"non";"avl+amt";NA;NA;NA;NA;"cours_eau+surplus_AEP";"captage mont jouvet et ruisseau frasses";4;"forte";"verts";">8";"<100K";"multi-usages";"<2006";"217 prajourdan";9;217;NA;NA
"R29";"S12";2021-08-05;"alim";"non";8,13;1170;17;NA;NA;25;2021-08-05 08:50:00;"(300,Inf]";"(8,8.25]";NA;NA;NA;NA;NA;NA;NA;NA;NA;NA;NA;NA;NA;NA;NA;0;1;0;10,5;0,67;0;0,6;0;6;2021-08-05;"05/08/2021 16h35";"[0,1]";"[0,0.1]";"[0,0.02]";"(10,Inf]";"[0,0.03]";"(0.5,1]";"(0.5,1]";"[0,1]";0,135746606334842;"C";"E";"B";"E";"E";"E";"A";"E";"E";"E";"E";"E";"E";"E";"E";"E";"E";"E";"E";"E";"E";">5";">20";"-";1;0,75;1,33333333333333;0;0;0;0,444444444444444;TRUE;TRUE;FALSE;FALSE;TRUE;FALSE;FALSE;TRUE;TRUE;"non";11;"<5beaufort";"<75%";"oui";"oui";"non";"oui";"non";"oui";"oui";"oui";"73";1999;1960;59000;7300;11;"non classe";"deblai-remblai";"partiel";NA;"totale";"totale";"ouest";"calc";"plat";"neige+zen";"non";"avl+amt";NA;NA;NA;NA;"cours_eau+surplus_AEP";"captage mont jouvet et ruisseau frasses";4;"forte";"verts";">8";"<100K";"multi-usages";"<2006";"217 prajourdan";8;217;NA;NA
"R29";"S12";2021-08-05;"alim";"non";8,14;1050;15,3;NA;NA;27;2021-08-05 09:02:00;"(300,Inf]";"(8,8.25]";NA;NA;NA;NA;NA;NA;NA;NA;NA;NA;NA;NA;NA;NA;NA;0;1;0;10,5;0,67;0;0,6;0;6;2021-08-05;"05/08/2021 16h35";"[0,1]";"[0,0.1]";"[0,0.02]";"(10,Inf]";"[0,0.03]";"(0.5,1]";"(0.5,1]";"[0,1]";0,135746606334842;"C";"E";"B";"E";"E";"E";"A";"E";"E";"E";"E";"E";"E";"E";"E";"E";"E";"E";"E";"E";"E";">5";">20";"-";1;0,75;1,33333333333333;0;0;0;0,444444444444444;TRUE;TRUE;FALSE;FALSE;TRUE;FALSE;FALSE;TRUE;TRUE;"non";11;"<5beaufort";"<75%";"oui";"oui";"non";"oui";"non";"oui";"oui";"oui";"73";1999;1960;59000;7300;11;"non classe";"deblai-remblai";"partiel";NA;"totale";"totale";"ouest";"calc";"plat";"neige+zen";"non";"avl+amt";NA;NA;NA;NA;"cours_eau+surplus_AEP";"captage mont jouvet et ruisseau frasses";4;"forte";"verts";">8";"<100K";"multi-usages";"<2006";"217 prajourdan";9;217;NA;NA
"R21";"S2";2021-06-01;NA;NA;NA;NA;NA;NA;NA;NA;NA;NA;NA;"non";"non";"non";"anecdot";"partiel";"non";-100;"moyenne";0;0;1;1;0;0;0;NA;NA;NA;NA;NA;NA;NA;NA;NA;NA;NA;NA;NA;NA;NA;NA;NA;NA;NA;NA;NA;NA;NA;NA;NA;NA;NA;NA;NA;NA;NA;NA;NA;NA;NA;NA;NA;NA;NA;NA;NA;NA;NA;NA;NA;NA;NA;NA;NA;NA;NA;NA;NA;NA;NA;NA;NA;NA;NA;NA;NA;NA;NA;NA;"oui";"oui";"oui";"oui";"non";"oui";"oui";"oui";"38";2021;1827;91700;NA;NA;NA;"deblai-remblai";"total";NA;"totale";"non";"sud-ouest";"crist";"pente";"neige+nautique";NA;NA;NA;2021;0;NA;"retenue";"Lac des Vallons";106;"moyenne";"verts";NA;"<100K";"multi-usages";">2006";"153 roche_beranger";NA;NA;NA;NA
"R21";"S2";2021-06-02;"evac";"non";7,3;57,6;14,9;7,76;95,2;NA;2021-06-02 10:35:00;"[0,100]";"[0,7.75]";NA;NA;NA;NA;NA;NA;NA;NA;NA;NA;NA;NA;NA;NA;NA;NA;NA;NA;NA;NA;NA;NA;NA;NA;NA;NA;NA;NA;NA;NA;NA;NA;NA;NA;NA;"E";"E";"E";"E";"E";"E";"E";"E";"E";"D";"E";"E";"E";"D";"E";"E";"E";"E";"E";"E";"E";"<5";"<20";"-";0;0;0;0,333333333333333;0,333333333333333;0;0,222222222222222;FALSE;FALSE;FALSE;FALSE;FALSE;TRUE;TRUE;TRUE;FALSE;"pluie_faible";11;"<5beaufort";">75%";"oui";"oui";"oui";"oui";"non";"oui";"oui";"oui";"38";2021;1827;91700;NA;NA;NA;"deblai-remblai";"total";NA;"totale";"non";"sud-ouest";"crist";"pente";"neige+nautique";NA;NA;NA;2021;0;NA;"retenue";"Lac des Vallons";106;"moyenne";"verts";NA;"<100K";"multi-usages";">2006";"153 roche_beranger";10;153;94,399143;9,50096746296304
"R21";"S2";2021-06-02;"alim";"non";7,4;59,4;14,2;7,99;95,8;NA;2021-06-02 11:00:00;"[0,100]";"[0,7.75]";NA;NA;NA;NA;NA;NA;NA;NA;NA;NA;NA;NA;NA;NA;NA;NA;NA;NA;NA;NA;NA;NA;NA;NA;NA;NA;NA;NA;NA;NA;NA;NA;NA;NA;NA;"E";"E";"E";"E";"E";"E";"E";"E";"E";"D";"E";"E";"E";"D";"E";"E";"E";"E";"E";"E";"E";"<5";"<20";"-";0;0;0;0,333333333333333;0,333333333333333;0;0,222222222222222;FALSE;FALSE;FALSE;FALSE;FALSE;TRUE;TRUE;TRUE;FALSE;"pluie_faible";11;"<5beaufort";">75%";"oui";"oui";"oui";"oui";"non";"oui";"oui";"oui";"38";2021;1827;91700;NA;NA;NA;"deblai-remblai";"total";NA;"totale";"non";"sud-ouest";"crist";"pente";"neige+nautique";NA;NA;NA;2021;0;NA;"retenue";"Lac des Vallons";106;"moyenne";"verts";NA;"<100K";"multi-usages";">2006";"153 roche_beranger";11;153;94,999143;9,70736225406414
"R21";"S2";2021-06-02;"milieu";"non";7,5;59,2;14,2;7,99;96;NA;2021-06-02 11:18:00;"[0,100]";"[0,7.75]";NA;NA;NA;NA;NA;NA;NA;NA;NA;NA;NA;NA;NA;NA;NA;NA;NA;NA;NA;NA;NA;NA;NA;NA;NA;NA;NA;NA;NA;NA;NA;NA;NA;NA;NA;"E";"E";"E";"E";"E";"E";"E";"E";"E";"D";"E";"E";"E";"D";"E";"E";"E";"E";"E";"E";"E";"<5";"<20";"-";0;0;0;0,333333333333333;0,333333333333333;0;0,222222222222222;FALSE;FALSE;FALSE;FALSE;FALSE;TRUE;TRUE;TRUE;FALSE;"pluie_faible";11;"<5beaufort";">75%";"oui";"oui";"oui";"oui";"non";"oui";"oui";"oui";"38";2021;1827;91700;NA;NA;NA;"deblai-remblai";"total";NA;"totale";"non";"sud-ouest";"crist";"pente";"neige+nautique";NA;NA;NA;2021;0;NA;"retenue";"Lac des Vallons";106;"moyenne";"verts";NA;"<100K";"multi-usages";">2006";"153 roche_beranger";11;153;95,199143;9,72779899053883
"R21";"S2";2021-07-21;NA;NA;NA;NA;NA;NA;NA;NA;NA;NA;NA;"oui";"non";"non";"non";"partiel";"non";0;"faible";0;0;1;1;0;0;0;NA;NA;NA;NA;NA;NA;NA;NA;NA;NA;NA;NA;NA;NA;NA;NA;NA;NA;NA;NA;NA;NA;NA;NA;NA;NA;NA;NA;NA;NA;NA;NA;NA;NA;NA;NA;NA;NA;NA;NA;NA;NA;NA;NA;NA;NA;NA;NA;NA;NA;NA;NA;NA;NA;NA;NA;NA;NA;NA;NA;NA;NA;NA;NA;"oui";"oui";"oui";"oui";"non";"oui";"oui";"oui";"38";2021;1827;91700;NA;NA;NA;"deblai-remblai";"total";NA;"totale";"non";"sud-ouest";"crist";"pente";"neige+nautique";NA;NA;NA;2021;0;NA;"retenue";"Lac des Vallons";106;"moyenne";"verts";NA;"<100K";"multi-usages";">2006";"203 roche_beranger";NA;NA;NA;NA
"R21";"S2";2021-07-22;"evac";"non";9,04;59,7;17,7;NA;NA;22;2021-07-22 10:00:00;"[0,100]";"(8.75,Inf]";NA;NA;NA;NA;NA;NA;NA;NA;NA;NA;NA;NA;NA;NA;NA;2;12;0,2;2,5;1,55;0;5;0;8;2021-07-22;"22/07/2021 16h30";"(1,2]";"(0.1,Inf]";"[0,0.02]";"[0,3]";"[0,0.03]";"(2,Inf]";"(3,Inf]";"(1.5,2.5]";1,13122171945701;"E";"E";"E";"E";"E";"E";"A";"E";"E";"E";"B";"E";"E";"D";"E";"E";"E";"E";"E";"E";"E";"<5";"<20";"-";0;0;1,33333333333333;1;0,333333333333333;0;0,888888888888889;FALSE;FALSE;FALSE;FALSE;TRUE;TRUE;TRUE;TRUE;FALSE;"beau_temps";21;"<5beaufort";"<75%";"oui";"oui";"oui";"oui";"non";"oui";"oui";"oui";"38";2021;1827;91700;NA;NA;NA;"deblai-remblai";"total";NA;"totale";"non";"sud-ouest";"crist";"pente";"neige+nautique";NA;NA;NA;2021;0;NA;"retenue";"Lac des Vallons";106;"moyenne";"verts";NA;"<100K";"multi-usages";">2006";"203 roche_beranger";10;203;NA;NA
"R21";"S2";2021-07-22;"milieu";"oui";9,03;59,7;17,7;NA;NA;22;2021-07-22 10:12:00;"[0,100]";"(8.75,Inf]";NA;NA;NA;NA;NA;NA;NA;NA;NA;NA;NA;NA;NA;NA;NA;2;12;0,2;2,5;1,55;0;5;0;8;2021-07-22;"22/07/2021 16h30";"(1,2]";"(0.1,Inf]";"[0,0.02]";"[0,3]";"[0,0.03]";"(2,Inf]";"(3,Inf]";"(1.5,2.5]";1,13122171945701;"E";"E";"E";"E";"E";"E";"A";"E";"E";"E";"B";"E";"E";"D";"E";"E";"E";"E";"E";"E";"E";"<5";"<20";"-";0;0;1,33333333333333;1;0,333333333333333;0;0,888888888888889;FALSE;FALSE;FALSE;FALSE;TRUE;TRUE;TRUE;TRUE;FALSE;"beau_temps";21;"<5beaufort";"<75%";"oui";"oui";"oui";"oui";"non";"oui";"oui";"oui";"38";2021;1827;91700;NA;NA;NA;"deblai-remblai";"total";NA;"totale";"non";"sud-ouest";"crist";"pente";"neige+nautique";NA;NA;NA;2021;0;NA;"retenue";"Lac des Vallons";106;"moyenne";"verts";NA;"<100K";"multi-usages";">2006";"203 roche_beranger";10;203;NA;NA
"R21";"S2";2021-07-22;"alim";"non";8,98;59,5;17,5;NA;NA;25;2021-07-22 09:50:00;"[0,100]";"(8.75,Inf]";NA;NA;NA;NA;NA;NA;NA;NA;NA;NA;NA;NA;NA;NA;NA;2;12;0,2;2,5;1,55;0;5;0;8;2021-07-22;"22/07/2021 16h30";"(1,2]";"(0.1,Inf]";"[0,0.02]";"[0,3]";"[0,0.03]";"(2,Inf]";"(3,Inf]";"(1.5,2.5]";1,13122171945701;"E";"E";"E";"E";"E";"E";"A";"E";"E";"E";"B";"E";"E";"D";"E";"E";"E";"E";"E";"E";"E";"<5";"<20";"-";0;0;1,33333333333333;1;0,333333333333333;0;0,888888888888889;FALSE;FALSE;FALSE;FALSE;TRUE;TRUE;TRUE;TRUE;FALSE;"beau_temps";21;"<5beaufort";"<75%";"oui";"oui";"oui";"oui";"non";"oui";"oui";"oui";"38";2021;1827;91700;NA;NA;NA;"deblai-remblai";"total";NA;"totale";"non";"sud-ouest";"crist";"pente";"neige+nautique";NA;NA;NA;2021;0;NA;"retenue";"Lac des Vallons";106;"moyenne";"verts";NA;"<100K";"multi-usages";">2006";"203 roche_beranger";9;203;NA;NA
"R22";"S8";2021-06-23;NA;NA;NA;NA;NA;NA;NA;NA;NA;NA;NA;"non";"non";"non";"non";"partiel";"non";-450;"moyenne";20;1;1;1;1;1;4;NA;NA;NA;NA;NA;NA;NA;NA;NA;NA;NA;NA;NA;NA;NA;NA;NA;NA;NA;NA;NA;NA;NA;NA;NA;NA;NA;NA;NA;NA;NA;NA;NA;NA;NA;NA;NA;NA;NA;NA;NA;NA;NA;NA;NA;NA;NA;NA;NA;NA;NA;NA;NA;NA;NA;NA;NA;NA;NA;NA;NA;NA;NA;NA;"oui";"oui";"oui";"oui";"oui";"non";"oui";"oui";"05";2002;2190;77140;12400;9,5;"Barrage C";"deblai-remblai";"aucun";"oui";"totale";"totale";"nord-est";"alca";"pente";"neige";"non";"avl";"filtr";2021;4;2,5;"cours_eau";"Guisane";67;"moyenne";"pelouses";">8";"<100K";"neige (AEP)";"<2006";"175 rocher_blanc";NA;NA;NA;NA
"R22";"S8";2021-06-24;"alim";"oui";8,2;439;17;8,7;117,8;22;2021-06-24 11:55:00;"(300,Inf]";"(8,8.25]";NA;NA;NA;NA;NA;NA;NA;NA;NA;NA;NA;NA;NA;NA;NA;1;1;0,1;7,1;0,82;0;0;0;8;2021-06-25;"25/06/2021 16h00";"[0,1]";"[0,0.1]";"[0,0.02]";"(5,8.2]";"[0,0.03]";"[0,0.5]";"(0.5,1]";"[0,1]";0;"C";"E";"E";"E";"E";"E";"E";"E";"E";"E";"E";"E";"E";"E";"E";"E";"E";"E";"E";"E";"E";"<5";"<20";"-";0,666666666666667;0;0;0;0;0;0;FALSE;FALSE;FALSE;FALSE;FALSE;FALSE;FALSE;FALSE;TRUE;"non";23;">5beaufort";"<75%";"oui";"oui";"oui";"oui";"oui";"non";"oui";"oui";"05";2002;2190;77140;12400;9,5;"Barrage C";"deblai-remblai";"aucun";"oui";"totale";"totale";"nord-est";"alca";"pente";"neige";"non";"avl";"filtr";2021;4;2,5;"cours_eau";"Guisane";67;"moyenne";"pelouses";">8";"<100K";"neige (AEP)";"<2006";"175 rocher_blanc";11;175;117,03871;11,2709913961965
"R23";"S7";2021-07-07;NA;NA;NA;NA;NA;NA;NA;NA;NA;NA;NA;"non";"non";"non";"non";"oui";"non";0;"faible";10;1;1;1;1;0;1;NA;NA;NA;NA;NA;NA;NA;NA;NA;NA;NA;NA;NA;NA;NA;NA;NA;NA;NA;NA;NA;NA;NA;NA;NA;NA;NA;NA;NA;NA;NA;NA;NA;NA;NA;NA;NA;NA;NA;NA;NA;NA;NA;NA;NA;NA;NA;NA;NA;NA;NA;NA;NA;NA;NA;NA;NA;NA;NA;NA;NA;NA;NA;NA;"oui";"oui";"oui";"oui";"oui";"non";"oui";"oui";"74";2019;1700;42000;NA;NA;NA;"deblai-remblai";"total";NA;"non";"non";"nord";"alca";"pente";"neige";NA;NA;"filtr";NA;0;NA;"retenue";"gouilles rouges";150;"moyenne";"verts";NA;"<50K";"neige (AEP)";">2006";"189 socqua";NA;NA;NA;NA
"R23";"S7";2021-07-08;"alim";"oui";8,15;85,9;13,9;8,91;104,3;25;2021-07-08 15:20:00;"[0,100]";"(8,8.25]";NA;NA;NA;NA;NA;NA;NA;NA;NA;NA;NA;NA;NA;NA;NA;0;3;0;4,4;0,84;0;0,6;0;5;2021-07-09;"09/07/2021 10h20";"[0,1]";"[0,0.1]";"[0,0.02]";"(3,5]";"[0,0.03]";"(0.5,1]";"(2,3]";"[0,1]";0,135746606334842;"A";"E";"C";"C";"E";"E";"A";"E";"E";"C";"E";"E";"E";"C";"E";"E";"E";"E";"E";"E";"E";">5";">20";"++";1,66666666666667;1,5;1,33333333333333;0,666666666666667;0,666666666666667;0;0,888888888888889;TRUE;TRUE;TRUE;FALSE;TRUE;TRUE;TRUE;TRUE;TRUE;"orage";11;">5beaufort";">75%";"oui";"oui";"oui";"oui";"oui";"non";"oui";"oui";"74";2019;1700;42000;NA;NA;NA;"deblai-remblai";"total";NA;"non";"non";"nord";"alca";"pente";"neige";NA;NA;"filtr";NA;0;NA;"retenue";"gouilles rouges";150;"moyenne";"verts";NA;"<50K";"neige (AEP)";">2006";"189 socqua";15;189;103,4853;10,6441698227931
"R24";"S9";2021-07-06;NA;NA;NA;NA;NA;NA;NA;NA;NA;NA;NA;"non";"non";"non";"anecdot";"oui";"non";-100;"haute";35;1;1;1;0;0;0;NA;NA;NA;NA;NA;NA;NA;NA;NA;NA;NA;NA;NA;NA;NA;NA;NA;NA;NA;NA;NA;NA;NA;NA;NA;NA;NA;NA;NA;NA;NA;NA;NA;NA;NA;NA;NA;NA;NA;NA;NA;NA;NA;NA;NA;NA;NA;NA;NA;NA;NA;NA;NA;NA;NA;NA;NA;NA;NA;NA;NA;NA;NA;NA;"oui";"non";"non";"non";"non";"oui";"oui";"non";"73";2007;2535;42000;NA;NA;NA;"deblai-remblai";"total";NA;"totale";"non";"ouest";"alca";"butte";"neige";NA;NA;"filtr";NA;0;NA;"cours_eau";"isere";28;"forte";"polaires";NA;"<50K";"neige (AEP)";">2006";"188 solaise";NA;NA;NA;NA
"R24";"S9";2021-07-07;"evac";"non";7,75;212;11,6;8,14;100;30;2021-07-07 11:43:00;"(150,300]";"[0,7.75]";NA;NA;NA;NA;NA;NA;NA;NA;NA;NA;NA;NA;NA;NA;NA;0;1;0;5,3;0,48;0;0;0;5;2021-07-09;"09/07/2021 10h20";"[0,1]";"[0,0.1]";"[0,0.02]";"(5,8.2]";"[0,0.03]";"[0,0.5]";"(0.5,1]";"[0,1]";0;"D";"E";"C";"A";"E";"E";"E";"E";"E";"E";"E";"E";"E";"E";"E";"E";"E";"E";"E";"E";"E";"<5";"<20";"+";0,333333333333333;1,75;0;0;0;0;0;TRUE;TRUE;TRUE;FALSE;FALSE;FALSE;FALSE;FALSE;TRUE;"non";25;"<5beaufort";">75%";"oui";"non";"non";"non";"non";"oui";"oui";"non";"73";2007;2535;42000;NA;NA;NA;"deblai-remblai";"total";NA;"totale";"non";"ouest";"alca";"butte";"neige";NA;NA;"filtr";NA;0;NA;"cours_eau";"isere";28;"forte";"polaires";NA;"<50K";"neige (AEP)";">2006";"188 solaise";11;188;99,276315;10,7543984063714
"R24";"S9";2021-07-07;"alim";"oui";7,93;212,5;11,2;8,27;102,2;22;2021-07-07 11:24:00;"(150,300]";"(7.75,8]";NA;NA;NA;NA;NA;NA;NA;NA;NA;NA;NA;NA;NA;NA;NA;0;1;0;5,3;0,48;0;0;0;5;2021-07-09;"09/07/2021 10h20";"[0,1]";"[0,0.1]";"[0,0.02]";"(5,8.2]";"[0,0.03]";"[0,0.5]";"(0.5,1]";"[0,1]";0;"D";"E";"C";"A";"E";"E";"E";"E";"E";"E";"E";"E";"E";"E";"E";"E";"E";"E";"E";"E";"E";"<5";"<20";"+";0,333333333333333;1,75;0;0;0;0;0;TRUE;TRUE;TRUE;FALSE;FALSE;FALSE;FALSE;FALSE;TRUE;"non";25;"<5beaufort";">75%";"oui";"non";"non";"non";"non";"oui";"oui";"non";"73";2007;2535;42000;NA;NA;NA;"deblai-remblai";"total";NA;"totale";"non";"ouest";"alca";"butte";"neige";NA;NA;"filtr";NA;0;NA;"cours_eau";"isere";28;"forte";"polaires";NA;"<50K";"neige (AEP)";">2006";"188 solaise";11;188;101,476315;11,0953596426587
"R25";"S3";2021-07-07;NA;NA;NA;NA;NA;NA;NA;NA;NA;NA;NA;"non";"non";"non";"non";"oui";"non";0;"moyenne";10;1;1;1;1;0;1;NA;NA;NA;NA;NA;NA;NA;NA;NA;NA;NA;NA;NA;NA;NA;NA;NA;NA;NA;NA;NA;NA;NA;NA;NA;NA;NA;NA;NA;NA;NA;NA;NA;NA;NA;NA;NA;NA;NA;NA;NA;NA;NA;NA;NA;NA;NA;NA;NA;NA;NA;NA;NA;NA;NA;NA;NA;NA;NA;NA;NA;NA;NA;NA;"oui";"oui";"oui";"non";"oui";"non";"oui";"oui";"74";2017;2000;110000;22000;8,5;"Barrage C";"deblai-remblai";"total";NA;"non";"non";"sud-ouest";"alca";"plat";"neige+AEP";"non";"amt";"decant";NA;0;1;"cours_eau";"veret";149;"moyenne";"verts";">8";"<250K";"neige (AEP)";">2006";"189 veret";NA;NA;NA;NA
"R25";"S3";2021-07-08;"evac";"non";7,77;58,3;13,3;8,34;99,4;10;2021-07-08 11:25:00;"[0,100]";"(7.75,8]";NA;NA;NA;NA;NA;NA;NA;NA;NA;NA;NA;NA;NA;NA;NA;0;1;0;3;1,27;0;0,8;0;5;2021-07-09;"09/07/2021 10h20";"[0,1]";"[0,0.1]";"[0,0.02]";"[0,3]";"[0,0.03]";"(0.5,1]";"(0.5,1]";"(1,1.5]";0,180995475113122;"A";"E";"B";"B";"E";"E";"D";"D";"E";"E";"E";"E";"E";"D";"E";"E";"D";"E";"E";"E";"E";">5";">20";"+++";1,66666666666667;2,25;0,666666666666667;0;0,333333333333333;0;0,333333333333333;TRUE;TRUE;TRUE;FALSE;TRUE;FALSE;TRUE;TRUE;TRUE;"non";13;"<5beaufort";">75%";"oui";"oui";"oui";"non";"oui";"non";"oui";"oui";"74";2017;2000;110000;22000;8,5;"Barrage C";"deblai-remblai";"total";NA;"non";"non";"sud-ouest";"alca";"plat";"neige+AEP";"non";"amt";"decant";NA;0;1;"cours_eau";"veret";149;"moyenne";"verts";">8";"<250K";"neige (AEP)";">2006";"189 veret";11;189;98,618;10,2789624788607
"R25";"S3";2021-07-08;"milieu";"oui";7,64;57,6;12,9;8,33;98,2;22;2021-07-08 11:37:00;"[0,100]";"[0,7.75]";NA;NA;NA;NA;NA;NA;NA;NA;NA;NA;NA;NA;NA;NA;NA;0;1;0;3;1,27;0;0,8;0;5;2021-07-09;"09/07/2021 10h20";"[0,1]";"[0,0.1]";"[0,0.02]";"[0,3]";"[0,0.03]";"(0.5,1]";"(0.5,1]";"(1,1.5]";0,180995475113122;"A";"E";"B";"B";"E";"E";"D";"D";"E";"E";"E";"E";"E";"D";"E";"E";"D";"E";"E";"E";"E";">5";">20";"+++";1,66666666666667;2,25;0,666666666666667;0;0,333333333333333;0;0,333333333333333;TRUE;TRUE;TRUE;FALSE;TRUE;FALSE;TRUE;TRUE;TRUE;"non";13;"<5beaufort";">75%";"oui";"oui";"oui";"non";"oui";"non";"oui";"oui";"74";2017;2000;110000;22000;8,5;"Barrage C";"deblai-remblai";"total";NA;"non";"non";"sud-ouest";"alca";"plat";"neige+AEP";"non";"amt";"decant";NA;0;1;"cours_eau";"veret";149;"moyenne";"verts";">8";"<250K";"neige (AEP)";">2006";"189 veret";11;189;97,418;10,245075298608
"R25";"S3";2021-07-08;"alim";"non";7,7;57,5;12,9;8,31;97,8;20;2021-07-08 11:00:00;"[0,100]";"[0,7.75]";NA;NA;NA;NA;NA;NA;NA;NA;NA;NA;NA;NA;NA;NA;NA;0;1;0;3;1,27;0;0,8;0;5;2021-07-09;"09/07/2021 10h20";"[0,1]";"[0,0.1]";"[0,0.02]";"[0,3]";"[0,0.03]";"(0.5,1]";"(0.5,1]";"(1,1.5]";0,180995475113122;"A";"E";"B";"B";"E";"E";"D";"D";"E";"E";"E";"E";"E";"D";"E";"E";"D";"E";"E";"E";"E";">5";">20";"+++";1,66666666666667;2,25;0,666666666666667;0;0,333333333333333;0;0,333333333333333;TRUE;TRUE;TRUE;FALSE;TRUE;FALSE;TRUE;TRUE;TRUE;"non";13;"<5beaufort";">75%";"oui";"oui";"oui";"non";"oui";"non";"oui";"oui";"74";2017;2000;110000;22000;8,5;"Barrage C";"deblai-remblai";"total";NA;"non";"non";"sud-ouest";"alca";"plat";"neige+AEP";"non";"amt";"decant";NA;0;1;"cours_eau";"veret";149;"moyenne";"verts";">8";"<250K";"neige (AEP)";">2006";"189 veret";11;189;97,018;10,2030088414908
